sample_id,species,area_with_spines_um2,area_um2,purpose,volume_shell_um3,volume_chambers_um3,volume_residuals_um3,total_volume_um3,residual_category,total_gene_copies_in_specimen,weight_mg
7919,Amphisorus SpL,5309764,5309764,DNA,NA,NA,NA,NA,NA,275000,NA
7920,Amphisorus SpL,3952330,3952330,DNA,NA,NA,NA,NA,NA,965000,NA
7921,Amphisorus SpL,11215567,11215567,DNA,NA,NA,NA,NA,NA,2110000,NA
7922,Amphisorus SpL,5373024,5373024,DNA,NA,NA,NA,NA,NA,2740000,NA
7923,Amphisorus SpL,45280406,45280406,DNA,NA,NA,NA,NA,NA,15100000,NA
7924,Amphisorus SpL,49573461,49573461,DNA,NA,NA,NA,NA,NA,44300000,NA
7925,Amphisorus SpL,38017244,38017244,DNA,NA,NA,NA,NA,NA,35500000,NA
7926,Amphisorus SpL,19045072,19045072,DNA,NA,NA,NA,NA,NA,12900000,NA
7927,Amphisorus SpL,31261075,31261075,DNA,NA,NA,NA,NA,NA,4650000,NA
7928,Amphisorus SpL,39477304,39477304,DNA,NA,NA,NA,NA,NA,3245000,NA
7929,Amphisorus SpL,39332146,39332146,DNA,NA,NA,NA,NA,NA,1730000,NA
7930,Amphisorus SpL,32332498,32332498,DNA,NA,NA,NA,NA,NA,21750000,NA
7931,Amphisorus SpL,54222465,54222465,DNA,NA,NA,NA,NA,NA,4135000,NA
7932,Amphisorus SpL,1393866,1393866,DNA,NA,NA,NA,NA,NA,1955000,NA
7933,Amphisorus SpL,842876,842876,DNA,NA,NA,NA,NA,NA,565000,NA
7934,Amphisorus SpL,15980816,15980816,DNA,NA,NA,NA,NA,NA,8700000,NA
7935,Amphisorus SpL,35074825,35074825,DNA,NA,NA,NA,NA,NA,21350000,NA
7936,Amphisorus SpL,6771730,6771730,DNA,NA,NA,NA,NA,NA,5375000,NA
7937,Amphisorus SpL,3086105,3086105,DNA,NA,NA,NA,NA,NA,5550000,NA
7938,Amphisorus SpL,5309860,5309860,DNA,NA,NA,NA,NA,NA,540000,NA
7939,Amphisorus SpL,3078904,3078904,DNA,NA,NA,NA,NA,NA,215000,NA
7940,Amphisorus SpL,1054559,1054559,DNA,NA,NA,NA,NA,NA,36000,NA
7942,Amphisorus SpL,15070646,15070646,DNA,NA,NA,NA,NA,NA,19500,NA
7943,Amphisorus SpL,15973461,15973461,DNA,NA,NA,NA,NA,NA,200000,NA
7945,Amphisorus SpL,30478854,30478854,DNA,NA,NA,NA,NA,NA,29000,NA
7946,Amphisorus SpL,3073912,3073912,DNA,NA,NA,NA,NA,NA,60000,NA
7947,Amphisorus SpL,11968384,11968384,DNA,NA,NA,NA,NA,NA,195000,NA
7948,Amphisorus SpL,18352696,18352696,DNA,NA,NA,NA,NA,NA,80000,NA
7949,Amphisorus SpL,5571608,5571608,DNA,NA,NA,NA,NA,NA,36500,NA
7950,Amphisorus SpL,2097440,2097440,DNA,NA,NA,NA,NA,NA,65000,NA
7951,Amphisorus SpL,6133185,6133185,DNA,NA,NA,NA,NA,NA,45500,NA
7952,Amphisorus SpL,1431606,1431606,DNA,NA,NA,NA,NA,NA,85000,NA
7953,Amphisorus SpL,801280,801280,DNA,NA,NA,NA,NA,NA,200000,NA
41_down,Amphisorus SpL,5738781,5738781,ct-scan,1171007279,531158381,5210225,1707375884,shell,NA,NA
41_mid,Amphisorus SpL,5139585,5139585,ct-scan,991621426,468733394,1801934,1462156755,shell,NA,NA
41_up,Amphisorus SpL,30904429,30904429,ct-scan,7212600230,3530409410,0,10743009640,shell,NA,NA
42_down,Amphisorus SpL,4900094,4900094,ct-scan,977131685,445907693,3788975,1426828354,shell,NA,NA
42_mid,Amphisorus SpL,3520153,3520153,ct-scan,619568690,340310014,1331884,961210588,shell,NA,NA
42_up,Amphisorus SpL,2969737,2969737,ct-scan,462324786,207270061,605270,670200116,shell,NA,NA
43_down,Amphisorus SpL,4021754,4021754,ct-scan,475440401,322611543,822454,798874397,shell,NA,NA
43_mid,Amphisorus SpL,6282592,6282592,ct-scan,1222912006,540397829,2406271,1765716106,shell,NA,NA
43_up,Amphisorus SpL,10558950,10558950,ct-scan,1460468146,997919149,2882985,2461270280,shell,NA,NA
44_down,Amphisorus SpL,4318696,4318696,ct-scan,787966879,391350011,709708,1180026598,shell,NA,NA
44_mid,Amphisorus SpL,6906884,6906884,ct-scan,1504152680,600891728,6786846,2111831254,shell,NA,NA
44_up,Amphisorus SpL,4887288,4887288,ct-scan,896717778,425615847,3489921,1325823546,shell,NA,NA
45_down,Amphisorus SpL,6603043,6603043,ct-scan,831738956,450289555,1481401,1283509912,shell,NA,NA
45_mid,Amphisorus SpL,3718927,3718927,ct-scan,299027156,186609127,376174,486012457,shell,NA,NA
45_up,Amphisorus SpL,4651603,4651603,ct-scan,432297956,291073941,449940,723821837,shell,NA,NA
46_down,Amphisorus SpL,1711544,1711544,ct-scan,194165338,103694603,181702,298041642,shell,NA,NA
46_mid,Amphisorus SpL,6815548,6815548,ct-scan,647539512,555005457,1604511,1204149480,shell,NA,NA
46_up,Amphisorus SpL,1784463,1784463,ct-scan,150509063,131024140,409463,281942665,shell,NA,NA
47_down,Amphisorus SpL,3811175,3811175,ct-scan,360529356,331540021,544445,692613823,shell,NA,NA
47_mid,Amphisorus SpL,1727498,1727498,ct-scan,201303214,97257574,273592,298834380,shell,NA,NA
47_up,Amphisorus SpL,3908279,3908279,ct-scan,389963786,404648886,1893005,796505677,shell,NA,NA
48_down,Amphisorus SpL,2154741,2154741,ct-scan,277519994,194032101,911487,472463583,shell,NA,NA
48_mid,Amphisorus SpL,1592736,1592736,ct-scan,188703755,105793971,467175,294964901,shell,NA,NA
48_up,Amphisorus SpL,15304891,15304891,ct-scan,2628864780,2114523019,6707843,4750095642,shell,NA,NA
49_down,Amphisorus SpL,1488800,1488800,ct-scan,154885844,81777432,139925,236803200,shell,NA,NA
49_mid,Amphisorus SpL,994617,994617,ct-scan,105584147,59577174,198328,165359648,shell,NA,NA
49_up,Amphisorus SpL,738158,738158,ct-scan,68627018,41346277,255382,110228677,shell,NA,NA
50_down,Amphisorus SpL,1974800,1974800,ct-scan,229394799,146562352,428096,376385247,shell,NA,NA
50_mid,Amphisorus SpL,1599132,1599132,ct-scan,182910113,96100158,669883,279680153,shell,NA,NA
50_up,Amphisorus SpL,2483412,2483412,ct-scan,388622001,216701547,458436,605781984,shell,NA,NA
7954,Amphistegina lessonii,1191135,1191135,DNA,NA,NA,NA,NA,NA,13000000,NA
7958,Amphistegina lessonii,3196461,3196461,DNA,NA,NA,NA,NA,NA,1710000,NA
7959,Amphistegina lessonii,1753719,1753719,DNA,NA,NA,NA,NA,NA,885000,NA
7960,Amphistegina lessonii,1229058,1229058,DNA,NA,NA,NA,NA,NA,250000,NA
7962,Amphistegina lessonii,928130,928130,DNA,NA,NA,NA,NA,NA,650000,NA
7964,Amphistegina lessonii,771929,771929,DNA,NA,NA,NA,NA,NA,320000,NA
7965,Amphistegina lessonii,892901,892901,DNA,NA,NA,NA,NA,NA,2665000,NA
7968,Amphistegina lessonii,2613251,2613251,DNA,NA,NA,NA,NA,NA,670000,NA
7969,Amphistegina lessonii,2672459,2672459,DNA,NA,NA,NA,NA,NA,1415000,NA
7970,Amphistegina lessonii,699730,699730,DNA,NA,NA,NA,NA,NA,1885000,NA
7971,Amphistegina lessonii,502347,502347,DNA,NA,NA,NA,NA,NA,55000,NA
7973,Amphistegina lessonii,723478,723478,DNA,NA,NA,NA,NA,NA,21500,NA
7974,Amphistegina lessonii,959590,959590,DNA,NA,NA,NA,NA,NA,120000,NA
7975,Amphistegina lessonii,3250877,3250877,DNA,NA,NA,NA,NA,NA,135000,NA
7978,Amphistegina lessonii,607261,607261,DNA,NA,NA,NA,NA,NA,80000,NA
7979,Amphistegina lessonii,638762,638762,DNA,NA,NA,NA,NA,NA,9500,NA
7980,Amphistegina lessonii,3299914,3299914,DNA,NA,NA,NA,NA,NA,1235000,NA
7982,Amphistegina lessonii,946776,946776,DNA,NA,NA,NA,NA,NA,15000,NA
7983,Amphistegina lessonii,789779,789779,DNA,NA,NA,NA,NA,NA,395000,NA
7984,Amphistegina lessonii,2007389,2007389,DNA,NA,NA,NA,NA,NA,1030000,NA
7985,Amphistegina lessonii,1253636,1253636,DNA,NA,NA,NA,NA,NA,620000,NA
7986,Amphistegina lessonii,651706,651706,DNA,NA,NA,NA,NA,NA,195000,NA
7987,Amphistegina lessonii,1269244,1269244,DNA,NA,NA,NA,NA,NA,1745000,NA
7988,Amphistegina lessonii,2120322,2120322,DNA,NA,NA,NA,NA,NA,1560000,NA
21_bot,Amphistegina lessonii,780691,780691,ct-scan,166524178,56882058,448575,223854811,shell,NA,NA
21_mid,Amphistegina lessonii,839749,839749,ct-scan,114919920,57494517,1209489,173623926,shell,NA,NA
21_up,Amphistegina lessonii,1383106,1383106,ct-scan,304578730,82676892,1954676,389210298,shell,NA,NA
22_down,Amphistegina lessonii,1079030,1079030,ct-scan,230597422,45071871,561444,276230736,shell,NA,NA
22_mid,Amphistegina lessonii,986056,986056,ct-scan,142543872,76914343,326460,219784675,shell,NA,NA
22_up,Amphistegina lessonii,751464,751464,ct-scan,151056288,47021658,1344134,199422080,shell,NA,NA
23_down,Amphistegina lessonii,503499,503499,ct-scan,74661302,23415500,212884,98289686,shell,NA,NA
23_mid,Amphistegina lessonii,668485,668485,ct-scan,106311120,29690412,156148,136157680,shell,NA,NA
23_up,Amphistegina lessonii,509150,509150,ct-scan,64608442,24523151,292919,89424512,shell,NA,NA
24_down,Amphistegina lessonii,1209212,1209212,ct-scan,182323880,106913457,867049,290104386,shell,NA,NA
24_mid,Amphistegina lessonii,646238,646238,ct-scan,118718706,54442878,2643219,175804803,shell,NA,NA
24_up,Amphistegina lessonii,700908,700908,ct-scan,86678996,25611777,435913,112726685,shell,NA,NA
25_down,Amphistegina lessonii,3254506,3254506,ct-scan,791528488,624898241,3794876,1420221605,shell,NA,NA
25_mid,Amphistegina lessonii,508574,508574,ct-scan,55512729,9542065,74731,65129525,shell,NA,NA
25_up,Amphistegina lessonii,823086,823086,ct-scan,116853666,48923933,591378,166368978,shell,NA,NA
26_down,Amphistegina lessonii,644226,644226,ct-scan,78856705,33212936,424211,112493851,shell,NA,NA
26_mid,Amphistegina lessonii,510203,510203,ct-scan,73005439,29839631,114063,102959134,shell,NA,NA
26_up,Amphistegina lessonii,562936,562936,ct-scan,62501132,24994900,19747,87515779,shell,NA,NA
27_down,Amphistegina lessonii,1909154,1909154,ct-scan,457764881,158215490,5483083,621463454,shell,NA,NA
27_up,Amphistegina lessonii,1622303,1622303,ct-scan,311942956,139576630,2391444,453911031,shell,NA,NA
28_down,Amphistegina lessonii,773453,773453,ct-scan,99333262,58805280,174389,158312931,shell,NA,NA
28_mid,Amphistegina lessonii,2343817,2343817,ct-scan,492539425,183783932,400893,676724250,shell,NA,NA
28_up,Amphistegina lessonii,1616095,1616095,ct-scan,372124264,136004618,6617866,514746749,shell,NA,NA
29_down,Amphistegina lessonii,1021696,1021696,ct-scan,200205901,115562439,3680716,319449056,shell,NA,NA
29_mid,Amphistegina lessonii,1335248,1335248,ct-scan,207860280,108784667,1898738,318543685,shell,NA,NA
29_up,Amphistegina lessonii,1103724,1103724,ct-scan,219442946,62555913,251459,282250317,shell,NA,NA
30_down,Amphistegina lessonii,1169190,1169190,ct-scan,224788617,57724304,1251582,283764503,shell,NA,NA
30_mid,Amphistegina lessonii,638035,638035,ct-scan,101132653,49193337,404859,150730849,shell,NA,NA
30_up,Amphistegina lessonii,1106219,1106219,ct-scan,175362967,61756523,736110,237855600,shell,NA,NA
8059,Baculogypsinoides spinosus,1188062,788326,DNA,NA,NA,NA,NA,NA,475000,NA
8060,Baculogypsinoides spinosus,1102839,620771,DNA,NA,NA,NA,NA,NA,270000,NA
8062,Baculogypsinoides spinosus,3159018,2543447,DNA,NA,NA,NA,NA,NA,25000,NA
8063,Baculogypsinoides spinosus,423650,244200,DNA,NA,NA,NA,NA,NA,365000,NA
8064,Baculogypsinoides spinosus,1216956,739816,DNA,NA,NA,NA,NA,NA,2725000,NA
8065,Baculogypsinoides spinosus,1427798,1000673,DNA,NA,NA,NA,NA,NA,1320000,NA
8066,Baculogypsinoides spinosus,1131670,656393,DNA,NA,NA,NA,NA,NA,500000,NA
8067,Baculogypsinoides spinosus,1393959,950564,DNA,NA,NA,NA,NA,NA,1725000,NA
8068,Baculogypsinoides spinosus,546005,349951,DNA,NA,NA,NA,NA,NA,485000,NA
8069,Baculogypsinoides spinosus,2420869,1542222,DNA,NA,NA,NA,NA,NA,12250000,NA
8070,Baculogypsinoides spinosus,1928798,1216060,DNA,NA,NA,NA,NA,NA,780000,NA
8073,Baculogypsinoides spinosus,1425432,909625,DNA,NA,NA,NA,NA,NA,70000,NA
8074,Baculogypsinoides spinosus,701760,434663,DNA,NA,NA,NA,NA,NA,75000,NA
8075,Baculogypsinoides spinosus,924888,534606,DNA,NA,NA,NA,NA,NA,170000,NA
8076,Baculogypsinoides spinosus,545312,355338,DNA,NA,NA,NA,NA,NA,32500,NA
8077,Baculogypsinoides spinosus,817300,481585,DNA,NA,NA,NA,NA,NA,36000,NA
8078,Baculogypsinoides spinosus,1431496,796103,DNA,NA,NA,NA,NA,NA,210000,NA
8079,Baculogypsinoides spinosus,1270586,737398,DNA,NA,NA,NA,NA,NA,150000,NA
8080,Baculogypsinoides spinosus,569480,337611,DNA,NA,NA,NA,NA,NA,75000,NA
8081,Baculogypsinoides spinosus,671266,425788,DNA,NA,NA,NA,NA,NA,105000,NA
8082,Baculogypsinoides spinosus,560111,304067,DNA,NA,NA,NA,NA,NA,11500,NA
8083,Baculogypsinoides spinosus,793124,524367,DNA,NA,NA,NA,NA,NA,110000,NA
8244,Baculogypsinoides spinosus,439027,296676,DNA,NA,NA,NA,NA,NA,65000,NA
8245,Baculogypsinoides spinosus,321780,212421,DNA,NA,NA,NA,NA,NA,50000,NA
8246,Baculogypsinoides spinosus,1136591,729690,DNA,NA,NA,NA,NA,NA,34500,NA
8247,Baculogypsinoides spinosus,908507,507033,DNA,NA,NA,NA,NA,NA,140000,NA
8248,Baculogypsinoides spinosus,1146512,725520,DNA,NA,NA,NA,NA,NA,220000,NA
8249,Baculogypsinoides spinosus,1018345,659307,DNA,NA,NA,NA,NA,NA,7000,NA
8250,Baculogypsinoides spinosus,1644053,919527,DNA,NA,NA,NA,NA,NA,530000,NA
8251,Baculogypsinoides spinosus,1908379,1376342,DNA,NA,NA,NA,NA,NA,880000,NA
8252,Baculogypsinoides spinosus,657559,367667,DNA,NA,NA,NA,NA,NA,14500,NA
8253,Baculogypsinoides spinosus,1519650,1064987,DNA,NA,NA,NA,NA,NA,620000,NA
11_down,Baculogypsinoides spinosus,989323,660891,ct-scan,264565089,60222664,15719913,340507666,pores,NA,NA
11_mid,Baculogypsinoides spinosus,1271450,815202,ct-scan,295284993,101984345,23277780,420547118,pores,NA,NA
11_up,Baculogypsinoides spinosus,824557,556585,ct-scan,164950221,55364764,13898383,234213368,pores,NA,NA
12_down,Baculogypsinoides spinosus,957466,593521,ct-scan,203629362,57167955,21226482,282023800,pores,NA,NA
12_mid,Baculogypsinoides spinosus,1337599,849131,ct-scan,368566275,103726014,25411406,497703695,pores,NA,NA
12_up,Baculogypsinoides spinosus,1043328,587660,ct-scan,244857088,59882327,20398890,325138305,pores,NA,NA
13_down,Baculogypsinoides spinosus,2415111,1671200,ct-scan,849802587,258876659,57692306,1166371552,pores,NA,NA
13_mid,Baculogypsinoides spinosus,1325476,897912,ct-scan,313659135,117998774,31351058,463008967,pores,NA,NA
13_up,Baculogypsinoides spinosus,2244968,1676625,ct-scan,785381052,209752987,53357344,1048491383,pores,NA,NA
14_down,Baculogypsinoides spinosus,1184912,809603,ct-scan,353268859,88278532,18164732,459712123,pores,NA,NA
14_mid,Baculogypsinoides spinosus,2325570,1521396,ct-scan,936472154,208679965,50957852,1196109971,pores,NA,NA
14_up,Baculogypsinoides spinosus,1094764,700912,ct-scan,232164857,85328696,27892726,345386279,pores,NA,NA
15_down,Baculogypsinoides spinosus,860309,637676,ct-scan,260072473,62489178,15965275,338526926,pores,NA,NA
15_mid,Baculogypsinoides spinosus,977282,701619,ct-scan,231521030,66329700,17849290,315700020,pores,NA,NA
15_up,Baculogypsinoides spinosus,779282,507765,ct-scan,151876880,38272882,8523920,198673682,pores,NA,NA
16_down,Baculogypsinoides spinosus,1647989,1176532,ct-scan,516108476,145996173,29338355,691443004,pores,NA,NA
16_mid,Baculogypsinoides spinosus,1063130,691689,ct-scan,250578594,71945956,14459120,336983670,pores,NA,NA
16_up,Baculogypsinoides spinosus,710501,345313,ct-scan,115515132,34501272,7372179,157388583,pores,NA,NA
18_down,Baculogypsinoides spinosus,885345,619328,ct-scan,184689112,58477390,12115003,255281505,pores,NA,NA
18_mid,Baculogypsinoides spinosus,1115067,767925,ct-scan,269499299,89138571,21333851,379971721,pores,NA,NA
18_up,Baculogypsinoides spinosus,739070,482751,ct-scan,175465517,40067422,9461753,224994692,pores,NA,NA
19_down,Baculogypsinoides spinosus,726531,467179,ct-scan,135838159,41257924,9367759,186463842,pores,NA,NA
19_mid,Baculogypsinoides spinosus,950118,629385,ct-scan,238863389,67957169,15316552,322137110,pores,NA,NA
19_up,Baculogypsinoides spinosus,1140606,769297,ct-scan,320322205,92610642,18419153,431352000,pores,NA,NA
20_down,Baculogypsinoides spinosus,703976,470898,ct-scan,152693428,45154256,12047770,209895454,pores,NA,NA
20_mid,Baculogypsinoides spinosus,980304,681468,ct-scan,173505803,46833200,13762381,234101384,pores,NA,NA
20_up,Baculogypsinoides spinosus,930640,644292,ct-scan,218609074,58206457,16096265,292911796,pores,NA,NA
7989,Calcarina spengleri,1868880,1411001,DNA,NA,NA,NA,NA,NA,715000,NA
7990,Calcarina spengleri,2088879,1797126,DNA,NA,NA,NA,NA,NA,200000,NA
7991,Calcarina spengleri,2435342,2082281,DNA,NA,NA,NA,NA,NA,310000,NA
7992,Calcarina spengleri,1424773,1117659,DNA,NA,NA,NA,NA,NA,750000,NA
7993,Calcarina spengleri,876721,731643,DNA,NA,NA,NA,NA,NA,325000,NA
7994,Calcarina spengleri,1921729,1526939,DNA,NA,NA,NA,NA,NA,280000,NA
7995,Calcarina spengleri,705520,639294,DNA,NA,NA,NA,NA,NA,90000,NA
7996,Calcarina spengleri,1105948,848281,DNA,NA,NA,NA,NA,NA,195000,NA
7997,Calcarina spengleri,472040,354496,DNA,NA,NA,NA,NA,NA,205000,NA
7998,Calcarina spengleri,799138,643026,DNA,NA,NA,NA,NA,NA,510000,NA
7999,Calcarina spengleri,566440,475566,DNA,NA,NA,NA,NA,NA,170000,NA
8000,Calcarina spengleri,675476,583101,DNA,NA,NA,NA,NA,NA,235000,NA
8001,Calcarina spengleri,965959,812862,DNA,NA,NA,NA,NA,NA,405000,NA
8002,Calcarina spengleri,1155752,929819,DNA,NA,NA,NA,NA,NA,2165000,NA
8003,Calcarina spengleri,1179539,1023129,DNA,NA,NA,NA,NA,NA,1860000,NA
8004,Calcarina spengleri,1927770,1625594,DNA,NA,NA,NA,NA,NA,2980000,NA
8005,Calcarina spengleri,658879,553516,DNA,NA,NA,NA,NA,NA,410000,NA
8006,Calcarina spengleri,1722173,1424367,DNA,NA,NA,NA,NA,NA,2660000,NA
8007,Calcarina spengleri,937647,707795,DNA,NA,NA,NA,NA,NA,605000,NA
8008,Calcarina spengleri,1367270,1131007,DNA,NA,NA,NA,NA,NA,2465000,NA
8009,Calcarina spengleri,638122,536155,DNA,NA,NA,NA,NA,NA,235000,NA
8010,Calcarina spengleri,1021899,905455,DNA,NA,NA,NA,NA,NA,1575000,NA
8011,Calcarina spengleri,1028572,846831,DNA,NA,NA,NA,NA,NA,285000,NA
8012,Calcarina spengleri,1599113,1221196,DNA,NA,NA,NA,NA,NA,1515000,NA
8013,Calcarina spengleri,942682,852285,DNA,NA,NA,NA,NA,NA,2755000,NA
8014,Calcarina spengleri,1314006,1006039,DNA,NA,NA,NA,NA,NA,1650000,NA
8015,Calcarina spengleri,1164798,959856,DNA,NA,NA,NA,NA,NA,920000,NA
8016,Calcarina spengleri,1319487,1079682,DNA,NA,NA,NA,NA,NA,1860000,NA
8017,Calcarina spengleri,624161,511739,DNA,NA,NA,NA,NA,NA,680000,NA
8018,Calcarina spengleri,508945,393604,DNA,NA,NA,NA,NA,NA,285000,NA
8019,Calcarina spengleri,946410,725007,DNA,NA,NA,NA,NA,NA,1765000,NA
8020,Calcarina spengleri,1356694,1165794,DNA,NA,NA,NA,NA,NA,2800000,NA
8021,Calcarina spengleri,1151884,987729,DNA,NA,NA,NA,NA,NA,3345000,NA
8022,Calcarina spengleri,905553,705596,DNA,NA,NA,NA,NA,NA,2005000,NA
8023,Calcarina spengleri,730950,572603,DNA,NA,NA,NA,NA,NA,645000,NA
31_down,Calcarina spengleri,1117414,897169,ct-scan,157813238,24909430,57654991,240377659,pores,NA,NA
31_mid,Calcarina spengleri,1865486,1504763,ct-scan,400873143,61693556,121278717,583845416,pores,NA,NA
31_up,Calcarina spengleri,818423,658023,ct-scan,129200917,34292907,16658306,180152129,pores,NA,NA
32_down,Calcarina spengleri,2359360,2018733,ct-scan,494622218,136749170,98918167,730289556,pores,NA,NA
32_mid,Calcarina spengleri,2466860,1859722,ct-scan,499254564,124013014,79421881,702689458,pores,NA,NA
32_up,Calcarina spengleri,1675767,1414900,ct-scan,378827498,121987466,63107612,563922576,pores,NA,NA
33_bot,Calcarina spengleri,2388602,1882940,ct-scan,568737202,156235118,84929918,809902238,pores,NA,NA
33_mid,Calcarina spengleri,2800854,2259657,ct-scan,610004989,213651340,148669827,972326156,pores,NA,NA
33_up,Calcarina spengleri,1351250,1081970,ct-scan,291096775,78060877,40095375,409253027,pores,NA,NA
34_down,Calcarina spengleri,1691466,1437523,ct-scan,376757537,100570951,62556749,539885238,pores,NA,NA
34_mid,Calcarina spengleri,1645997,1334096,ct-scan,307356354,100190310,50692806,458239470,pores,NA,NA
34_up,Calcarina spengleri,1258399,1063781,ct-scan,223062722,73498812,41751331,338312865,pores,NA,NA
35_down,Calcarina spengleri,1806806,1443646,ct-scan,390253710,123925806,77150889,591330405,pores,NA,NA
35_mid,Calcarina spengleri,1302656,963364,ct-scan,249053834,83843167,55789316,388686316,pores,NA,NA
35_up,Calcarina spengleri,1712446,1407341,ct-scan,342844737,92301717,75923898,511070352,pores,NA,NA
36_down,Calcarina spengleri,1780543,1479839,ct-scan,399043650,109081102,64446141,572570893,pores,NA,NA
36_mid,Calcarina spengleri,1597121,1300853,ct-scan,341303459,105485438,60236124,507025021,pores,NA,NA
36_up,Calcarina spengleri,793122,608810,ct-scan,90263410,31596964,16389061,138249436,pores,NA,NA
37_down,Calcarina spengleri,1245215,943102,ct-scan,204400959,58677193,35615109,298693261,pores,NA,NA
37_mid,Calcarina spengleri,2152403,1741142,ct-scan,471052010,141478170,96242692,708772872,pores,NA,NA
37_up,Calcarina spengleri,961937,806069,ct-scan,159511834,41614486,27193367,228319686,pores,NA,NA
38_down,Calcarina spengleri,2261727,1777588,ct-scan,470898223,135789340,81179650,687867214,pores,NA,NA
38_up,Calcarina spengleri,2139297,2039954,ct-scan,515336659,153907542,98124420,767368621,pores,NA,NA
39_down,Calcarina spengleri,1683121,1347815,ct-scan,346830432,105730738,72922843,525484013,pores,NA,NA
39_mid,Calcarina spengleri,1352723,1059949,ct-scan,271682828,67228911,45687908,384599647,pores,NA,NA
39_up,Calcarina spengleri,542764,462428,ct-scan,67237583,25607213,8096914,100941709,pores,NA,NA
40_down,Calcarina spengleri,920084,718845,ct-scan,140468095,37847416,17275253,195590763,pores,NA,NA
40_mid,Calcarina spengleri,1032304,779180,ct-scan,158607018,43853349,18829905,221290273,pores,NA,NA
40_up,Calcarina spengleri,467075,320425,ct-scan,47598639,12585246,4992566,65176451,pores,NA,NA
10c-end,Heterostegina depressa,5157656,5157656,ct-scan low quality,1293275320,247022805,1844325,1542142450,shell,NA,NA
11a-end,Heterostegina depressa,6981945,6981945,ct-scan low quality,1263247154,256327466,1440645,1521015265,shell,NA,NA
12b-end,Heterostegina depressa,6424877,6424877,ct-scan low quality,1400796204,301743593,1787953,1704327749,shell,NA,NA
13c-end,Heterostegina depressa,6359915,6359915,ct-scan low quality,1540514831,256823075,2064231,1799402137,shell,NA,NA
16a-end,Heterostegina depressa,4765856,4765856,ct-scan low quality,922031498,267846012,890405,1190767914,shell,NA,NA
16b-end,Heterostegina depressa,4678379,4678379,ct-scan low quality,1072375674,222694784,1141258,1296211717,shell,NA,NA
17c-end,Heterostegina depressa,6557844,6557844,ct-scan low quality,1286086338,241999081,1641820,1529727238,shell,NA,NA
18b-end,Heterostegina depressa,7417486,7417486,ct-scan low quality,1405413585,324768294,1273705,1731455585,shell,NA,NA
26b-after,Heterostegina depressa,6053984,6053984,ct-scan low quality,995017396,269807807,2071433,1266896636,shell,NA,NA
27c-after,Heterostegina depressa,5644010,5644010,ct-scan low quality,1270123945,263564338,2607639,1536295922,shell,NA,NA
29b-after,Heterostegina depressa,6622834,6622834,ct-scan low quality,1707769002,404815918,2485341,2115070261,shell,NA,NA
2b-end,Heterostegina depressa,5118085,5118085,ct-scan low quality,1023785518,153111922,2367166,1179264606,shell,NA,NA
30c-after,Heterostegina depressa,5394819,5394819,ct-scan low quality,1113905639,381070254,1455525,1496431418,shell,NA,NA
33b-after,Heterostegina depressa,5809671,5809671,ct-scan low quality,1561304858,199378729,3103215,1763786801,shell,NA,NA
36c-after,Heterostegina depressa,5017979,5017979,ct-scan low quality,1277098699,316187648,2284122,1595570469,shell,NA,NA
38a-after,Heterostegina depressa,4999938,4999938,ct-scan low quality,1178152319,279263467,2485492,1459901278,shell,NA,NA
3a-end,Heterostegina depressa,5435396,5435396,ct-scan low quality,1083513838,104902053,3220070,1191635961,shell,NA,NA
43b-after,Heterostegina depressa,5902870,5902870,ct-scan low quality,1479818976,352657510,3497602,1835974087,shell,NA,NA
46b-after,Heterostegina depressa,6620668,6620668,ct-scan low quality,1605388350,282460585,2818619,1890667554,shell,NA,NA
46c-after,Heterostegina depressa,5241850,5241850,ct-scan low quality,1543891341,199147335,4067354,1747106030,shell,NA,NA
47a-after,Heterostegina depressa,6437968,6437968,ct-scan low quality,1304896639,325570421,282108,1630749169,shell,NA,NA
48a-after,Heterostegina depressa,5125257,5125257,ct-scan low quality,1072135565,293803468,1358691,1367297725,shell,NA,NA
48b-after,Heterostegina depressa,4873217,4873217,ct-scan low quality,1223741391,195169262,3333403,1422244056,shell,NA,NA
49a-after,Heterostegina depressa,5842428,5842428,ct-scan low quality,1480679534,221311606,7341931,1709333071,shell,NA,NA
50a-after,Heterostegina depressa,6850192,6850192,ct-scan low quality,1214059806,301149081,2203338,1517412225,shell,NA,NA
50b-after,Heterostegina depressa,8283585,8283585,ct-scan low quality,1510543596,285396356,4848186,1800788138,shell,NA,NA
6c-end,Heterostegina depressa,5238720,5238720,ct-scan low quality,1365552385,240282400,2555582,1608390367,shell,NA,NA
7b-end,Heterostegina depressa,4977895,4977895,ct-scan low quality,1180394456,195447165,1979003,1377820623,shell,NA,NA
9c-end,Heterostegina depressa,5275867,5275867,ct-scan low quality,1312118127,234754389,1307884,1548180400,shell,NA,NA
foram1,Heterostegina depressa,3140324,3140324,ct-scan low quality,973358465,235194180,545923,1209098568,shell,NA,NA
P009,Heterostegina depressa,987000,987000,DNA,NA,NA,NA,NA,NA,2005000,NA
P010,Heterostegina depressa,1023000,1023000,DNA,NA,NA,NA,NA,NA,10050000,NA
P011,Heterostegina depressa,2744000,2744000,DNA,NA,NA,NA,NA,NA,19950000,NA
P012,Heterostegina depressa,3275000,3275000,DNA,NA,NA,NA,NA,NA,16100000,NA
P013,Heterostegina depressa,5763000,5763000,DNA,NA,NA,NA,NA,NA,25400000,NA
P014,Heterostegina depressa,2601000,2601000,DNA,NA,NA,NA,NA,NA,16500000,NA
P015,Heterostegina depressa,1521000,1521000,DNA,NA,NA,NA,NA,NA,3685000,NA
P017,Heterostegina depressa,2401000,2401000,DNA,NA,NA,NA,NA,NA,11550000,NA
P018,Heterostegina depressa,3001000,3001000,DNA,NA,NA,NA,NA,NA,35800000,NA
P019,Heterostegina depressa,5132000,5132000,DNA,NA,NA,NA,NA,NA,7000000,NA
P020,Heterostegina depressa,1867000,1867000,DNA,NA,NA,NA,NA,NA,6450000,NA
P021,Heterostegina depressa,532000,532000,DNA,NA,NA,NA,NA,NA,765000,NA
P022,Heterostegina depressa,723000,723000,DNA,NA,NA,NA,NA,NA,1730000,NA
P023,Heterostegina depressa,3111000,3111000,DNA,NA,NA,NA,NA,NA,8700000,NA
P025,Heterostegina depressa,2320000,2320000,DNA,NA,NA,NA,NA,NA,6150000,NA
P026,Heterostegina depressa,4570000,4570000,DNA,NA,NA,NA,NA,NA,54500000,NA
P027,Heterostegina depressa,1671000,1671000,DNA,NA,NA,NA,NA,NA,4395000,NA
P028,Heterostegina depressa,987000,987000,DNA,NA,NA,NA,NA,NA,2555000,NA
P029,Heterostegina depressa,1032000,1032000,DNA,NA,NA,NA,NA,NA,5650000,NA
P030,Heterostegina depressa,1892000,1892000,DNA,NA,NA,NA,NA,NA,9050000,NA
P031,Heterostegina depressa,2714000,2714000,DNA,NA,NA,NA,NA,NA,39750000,NA
P033,Heterostegina depressa,2813000,2813000,DNA,NA,NA,NA,NA,NA,9450000,NA
P034,Heterostegina depressa,1850000,1850000,DNA,NA,NA,NA,NA,NA,7300000,NA
P035,Heterostegina depressa,1223000,1223000,DNA,NA,NA,NA,NA,NA,3510000,NA
P036,Heterostegina depressa,2405000,2405000,DNA,NA,NA,NA,NA,NA,13250000,NA
P037,Heterostegina depressa,2294000,2294000,DNA,NA,NA,NA,NA,NA,9150000,NA
P038,Heterostegina depressa,2727000,2727000,DNA,NA,NA,NA,NA,NA,17350000,NA
P039,Heterostegina depressa,2790000,2790000,DNA,NA,NA,NA,NA,NA,16800000,NA
P040,Heterostegina depressa,1797000,1797000,DNA,NA,NA,NA,NA,NA,8750000,NA
P041,Heterostegina depressa,6925000,6925000,DNA,NA,NA,NA,NA,NA,13350000,NA
P042,Heterostegina depressa,3973000,3973000,DNA,NA,NA,NA,NA,NA,28900000,NA
P043,Heterostegina depressa,2069000,2069000,DNA,NA,NA,NA,NA,NA,6200000,NA
P044,Heterostegina depressa,2873000,2873000,DNA,NA,NA,NA,NA,NA,19400000,NA
P045,Heterostegina depressa,1167000,1167000,DNA,NA,NA,NA,NA,NA,4355000,NA
P046,Heterostegina depressa,4128000,4128000,DNA,NA,NA,NA,NA,NA,19250000,NA
P047,Heterostegina depressa,3465000,3465000,DNA,NA,NA,NA,NA,NA,21850000,NA
P048,Heterostegina depressa,1941000,1941000,DNA,NA,NA,NA,NA,NA,7800000,NA
P049,Heterostegina depressa,603000,603000,DNA,NA,NA,NA,NA,NA,1510000,NA
P050,Heterostegina depressa,4245000,4245000,DNA,NA,NA,NA,NA,NA,40350000,NA
P051,Heterostegina depressa,744000,744000,DNA,NA,NA,NA,NA,NA,1940000,NA
P052,Heterostegina depressa,2627000,2627000,DNA,NA,NA,NA,NA,NA,6870000,NA
P053,Heterostegina depressa,2564000,2564000,DNA,NA,NA,NA,NA,NA,4735000,NA
P054,Heterostegina depressa,1760000,1760000,DNA,NA,NA,NA,NA,NA,5620000,NA
P055,Heterostegina depressa,6242000,6242000,DNA,NA,NA,NA,NA,NA,15400000,NA
P057,Heterostegina depressa,570000,570000,DNA,NA,NA,NA,NA,NA,1560000,NA
P058,Heterostegina depressa,2400000,2400000,DNA,NA,NA,NA,NA,NA,15150000,NA
P059,Heterostegina depressa,1556000,1556000,DNA,NA,NA,NA,NA,NA,8600000,NA
P060,Heterostegina depressa,1767000,1767000,DNA,NA,NA,NA,NA,NA,5300000,NA
P061,Heterostegina depressa,4124000,4124000,DNA,NA,NA,NA,NA,NA,13150000,NA
P062,Heterostegina depressa,3780000,3780000,DNA,NA,NA,NA,NA,NA,8500000,NA
P063,Heterostegina depressa,2932000,2932000,DNA,NA,NA,NA,NA,NA,8535000,NA
P064,Heterostegina depressa,3776000,3776000,DNA,NA,NA,NA,NA,NA,18900000,NA
P065,Heterostegina depressa,2750000,2750000,DNA,NA,NA,NA,NA,NA,14500000,NA
P067,Heterostegina depressa,4005000,4005000,DNA,NA,NA,NA,NA,NA,17400000,NA
P069,Heterostegina depressa,2934000,2934000,DNA,NA,NA,NA,NA,NA,31300000,NA
P070,Heterostegina depressa,5874000,5874000,DNA,NA,NA,NA,NA,NA,11850000,NA
P072,Heterostegina depressa,7451000,7451000,DNA,NA,NA,NA,NA,NA,18650000,NA
P073,Heterostegina depressa,3623000,3623000,DNA,NA,NA,NA,NA,NA,17250000,NA
P074,Heterostegina depressa,4679000,4679000,DNA,NA,NA,NA,NA,NA,22000000,NA
P075,Heterostegina depressa,1390000,1390000,DNA,NA,NA,NA,NA,NA,8450000,NA
P076,Heterostegina depressa,1809000,1809000,DNA,NA,NA,NA,NA,NA,6750000,NA
P077,Heterostegina depressa,1467000,1467000,DNA,NA,NA,NA,NA,NA,3205000,NA
P078,Heterostegina depressa,939000,939000,DNA,NA,NA,NA,NA,NA,4300000,NA
P079,Heterostegina depressa,1859000,1859000,DNA,NA,NA,NA,NA,NA,10750000,NA
P080,Heterostegina depressa,819000,819000,DNA,NA,NA,NA,NA,NA,3770000,NA
P082,Heterostegina depressa,1931000,1931000,DNA,NA,NA,NA,NA,NA,14350000,NA
P083,Heterostegina depressa,2101000,2101000,DNA,NA,NA,NA,NA,NA,19250000,NA
P084,Heterostegina depressa,986000,986000,DNA,NA,NA,NA,NA,NA,4140000,NA
P085,Heterostegina depressa,2077000,2077000,DNA,NA,NA,NA,NA,NA,12200000,NA
P086,Heterostegina depressa,3793000,3793000,DNA,NA,NA,NA,NA,NA,67550000,NA
P087,Heterostegina depressa,6449000,6449000,DNA,NA,NA,NA,NA,NA,19450000,NA
P088,Heterostegina depressa,5695000,5695000,DNA,NA,NA,NA,NA,NA,19100000,NA
P089,Heterostegina depressa,4274000,4274000,DNA,NA,NA,NA,NA,NA,51550000,NA
P090,Heterostegina depressa,3467000,3467000,DNA,NA,NA,NA,NA,NA,42250000,NA
P091,Heterostegina depressa,2473000,2473000,DNA,NA,NA,NA,NA,NA,18750000,NA
P092,Heterostegina depressa,5798000,5798000,DNA,NA,NA,NA,NA,NA,20550000,NA
P093,Heterostegina depressa,3665000,3665000,DNA,NA,NA,NA,NA,NA,32700000,NA
P094,Heterostegina depressa,3155000,3155000,DNA,NA,NA,NA,NA,NA,50600000,NA
P095,Heterostegina depressa,9617000,9617000,DNA,NA,NA,NA,NA,NA,66100000,NA
P096,Heterostegina depressa,7307000,7307000,DNA,NA,NA,NA,NA,NA,59800000,NA
P097,Heterostegina depressa,4629000,4629000,DNA,NA,NA,NA,NA,NA,14150000,NA
P098,Heterostegina depressa,3569000,3569000,DNA,NA,NA,NA,NA,NA,14400000,NA
70_down1,Heterostegina depressa,4949326,4949326,ct-scan,710996574,369123341,7503820,1087623735,canals/pores,NA,1.53
70_down2,Heterostegina depressa,3714443,3714443,ct-scan,591583079,279873004,6297822,877753906,canals/pores,NA,1.29
70_up,Heterostegina depressa,3334564,3334564,ct-scan,686332236,251091686,9135067,946558989,canals/pores,NA,1.49
71_down,Heterostegina depressa,1999572,1999572,ct-scan,289314356,118164310,8641596,416120262,canals/pores,NA,0.62
71_mid,Heterostegina depressa,2682827,2682827,ct-scan,396242965,176228575,9544330,582015871,canals/pores,NA,0.91
71_up,Heterostegina depressa,2598511,2598511,ct-scan,364077605,182927052,8116987,555121644,canals/pores,NA,0.81
72_down1,Heterostegina depressa,2280524,2280524,ct-scan,349712580,139210149,6416991,495339721,canals/pores,NA,0.74
72_down2,Heterostegina depressa,2744486,2744486,ct-scan,592296496,191483672.4,7576600,791356768,canals/pores,NA,1.32
72_up,Heterostegina depressa,2727512,2727512,ct-scan,477016338,240946571,7245755,725208664,canals/pores,NA,1.1
73_down,Heterostegina depressa,1418870,1418870,ct-scan,172675007,81716458,2548162,256939627,canals/pores,NA,0.3
73_mid,Heterostegina depressa,1471420,1471420,ct-scan,207572505,79867659,3541116,290981280,canals/pores,NA,0.45
73_up,Heterostegina depressa,1397768,1397768,ct-scan,207052293,85997842,2358705,295408840,canals/pores,NA,0.48
74_down,Heterostegina depressa,937680,937680,ct-scan,82701395,56467322,1089886,140258603,canals/pores,NA,0.19
74_mid,Heterostegina depressa,1438720,1438720,ct-scan,166242742,81218817,4259261,251720820,canals/pores,NA,0.31
74_up,Heterostegina depressa,809659,809659,ct-scan,66094172,29339927,2291710,97725808,canals/pores,NA,0.06
75_down,Heterostegina depressa,744480,744480,ct-scan,75547907,38696584,2158119,116402610,canals/pores,NA,0.22
75_mid,Heterostegina depressa,546548,546548,ct-scan,39986174,22156011,1114817,63257001,canals/pores,NA,0.07
75_up,Heterostegina depressa,552861,552861,ct-scan,33025084,21701347,443351,55169782,canals/pores,NA,0.06
76_down,Heterostegina depressa,1401258,1401258,ct-scan,184318096,93300186,3173293,280791574,canals/pores,NA,0.49
76_mid,Heterostegina depressa,1580066,1580066,ct-scan,217177089,111938267,3550355,332665711,canals/pores,NA,0.55
76_up,Heterostegina depressa,1308927,1308927,ct-scan,218652627,81597164,3252563,303502354,canals/pores,NA,0.53
77_down,Heterostegina depressa,2228291,2228291,ct-scan,280157255,147785174,8104193,436046621,canals/pores,NA,0.65
77_mid,Heterostegina depressa,1820799,1820799,ct-scan,279293301,125029506,5389919,409712726,canals/pores,NA,0.66
77_up,Heterostegina depressa,2064169,2064169,ct-scan,344213502,118262089,3916348,466391939,canals/pores,NA,0.82
78_down1,Heterostegina depressa,619114,619114,ct-scan,58922004,24817222,438058,84177284,canals/pores,NA,0.15
78_down2,Heterostegina depressa,638253,638253,ct-scan,57903588,24222323,769521,82895431,canals/pores,NA,0.08
78_up,Heterostegina depressa,600186,600186,ct-scan,37730193,22046184,623309,60399687,canals/pores,NA,0.12
79_down,Heterostegina depressa,3831445,3831445,ct-scan,840681172,242572763,9089623,1092343558,canals/pores,NA,1.81
79_mid,Heterostegina depressa,3389651,3389651,ct-scan,590618189,253475841,7660423,851754453,canals/pores,NA,1.35
79_up,Heterostegina depressa,3100134,3100134,ct-scan,575499529,172203213,7286606,754989348,canals/pores,NA,1.36
8024,Neorotalia gaimardi,273147,243915,DNA,NA,NA,NA,NA,NA,7000,NA
8025,Neorotalia gaimardi,266527,216055,DNA,NA,NA,NA,NA,NA,214000,NA
8026,Neorotalia gaimardi,220454,194805,DNA,NA,NA,NA,NA,NA,14500,NA
8027,Neorotalia gaimardi,227990,188259,DNA,NA,NA,NA,NA,NA,18500,NA
8028,Neorotalia gaimardi,236484,229677,DNA,NA,NA,NA,NA,NA,67500,NA
8029,Neorotalia gaimardi,254075,221446,DNA,NA,NA,NA,NA,NA,2600,NA
8030,Neorotalia gaimardi,246744,229178,DNA,NA,NA,NA,NA,NA,32500,NA
8031,Neorotalia gaimardi,310163,271982,DNA,NA,NA,NA,NA,NA,49000,NA
8032,Neorotalia gaimardi,260139,222484,DNA,NA,NA,NA,NA,NA,75500,NA
8033,Neorotalia gaimardi,133867,114072,DNA,NA,NA,NA,NA,NA,4100,NA
8034,Neorotalia gaimardi,205494,169474,DNA,NA,NA,NA,NA,NA,2950,NA
8035,Neorotalia gaimardi,167466,143379,DNA,NA,NA,NA,NA,NA,2150,NA
8036,Neorotalia gaimardi,265030,225362,DNA,NA,NA,NA,NA,NA,22500,NA
8037,Neorotalia gaimardi,263670,213285,DNA,NA,NA,NA,NA,NA,83000,NA
8038,Neorotalia gaimardi,154079,135276,DNA,NA,NA,NA,NA,NA,9500,NA
8039,Neorotalia gaimardi,179209,154414,DNA,NA,NA,NA,NA,NA,5500,NA
8040,Neorotalia gaimardi,168989,139482,DNA,NA,NA,NA,NA,NA,33500,NA
8041,Neorotalia gaimardi,141135,112839,DNA,NA,NA,NA,NA,NA,11000,NA
8042,Neorotalia gaimardi,206908,177517,DNA,NA,NA,NA,NA,NA,2050,NA
8043,Neorotalia gaimardi,238126,189640,DNA,NA,NA,NA,NA,NA,1800,NA
8044,Neorotalia gaimardi,228900,200358,DNA,NA,NA,NA,NA,NA,4050,NA
8045,Neorotalia gaimardi,101014,74731,DNA,NA,NA,NA,NA,NA,6000,NA
8046,Neorotalia gaimardi,267910,224270,DNA,NA,NA,NA,NA,NA,6000,NA
8047,Neorotalia gaimardi,136651,127066,DNA,NA,NA,NA,NA,NA,2100,NA
8048,Neorotalia gaimardi,207345,178425,DNA,NA,NA,NA,NA,NA,37500,NA
8049,Neorotalia gaimardi,216898,174557,DNA,NA,NA,NA,NA,NA,6050,NA
8055,Neorotalia gaimardi,315418,269105,DNA,NA,NA,NA,NA,NA,150500,NA
8056,Neorotalia gaimardi,265476,228504,DNA,NA,NA,NA,NA,NA,102500,NA
8057,Neorotalia gaimardi,209802,167148,DNA,NA,NA,NA,NA,NA,55500,NA
8058,Neorotalia gaimardi,183762,145249,DNA,NA,NA,NA,NA,NA,1000,NA
51_down,Neorotalia gaimardi,380588,335093,ct-scan,32941986,22997412,5118868,61058266,canals/pores,NA,NA
51_mid,Neorotalia gaimardi,690703,626683,ct-scan,59618381,69733569,14175194,143527143,canals/pores,NA,NA
51_up,Neorotalia gaimardi,498517,437840,ct-scan,48661202,40610680,6937055,96208937,canals/pores,NA,NA
52_down,Neorotalia gaimardi,407173,339149,ct-scan,34045523,25457966,4106110,63609599,canals/pores,NA,NA
52_mid,Neorotalia gaimardi,456258,394969,ct-scan,37034403,33037060,5440941,75512404,canals/pores,NA,NA
52_up,Neorotalia gaimardi,334241,272097,ct-scan,20863716,18398953,3527005,42789674,canals/pores,NA,NA
53_bot,Neorotalia gaimardi,491598,416068,ct-scan,38821366,38217065,4941215,81979646,canals/pores,NA,NA
53_mid,Neorotalia gaimardi,416965,365307,ct-scan,43441382,27953050,3742933,75137365,canals/pores,NA,NA
53_up,Neorotalia gaimardi,308363,244646,ct-scan,24715530,17280756,2816972,44813258,canals/pores,NA,NA
54_down,Neorotalia gaimardi,436578,327590,ct-scan,30662719,36370954,4494730,71528402,canals/pores,NA,NA
54_mid,Neorotalia gaimardi,474190,385344,ct-scan,39534309,33017419,4735726,77287454,canals/pores,NA,NA
54_up,Neorotalia gaimardi,555975,465235,ct-scan,48591219,41958524,7962218,98511960,canals/pores,NA,NA
55_down,Neorotalia gaimardi,502122,381941,ct-scan,34545152,36315313,6108473,76968938,canals/pores,NA,NA
55_mid,Neorotalia gaimardi,377020,312659,ct-scan,25805578,26105254,5028746,56939578,canals/pores,NA,NA
55_up,Neorotalia gaimardi,418381,314989,ct-scan,27257223,24482719,3943865,55683807,canals/pores,NA,NA
56_down,Neorotalia gaimardi,371095,296004,ct-scan,22657427,25966000,3048634,51672062,canals/pores,NA,NA
56_mid,Neorotalia gaimardi,337311,281919,ct-scan,19127545,22629440,3252431,45009415,canals/pores,NA,NA
56_up,Neorotalia gaimardi,540146,439146,ct-scan,34451979,38352647,4633747,77438373,canals/pores,NA,NA
57_down,Neorotalia gaimardi,363782,271680,ct-scan,21803176,24008148,4164824,49976147,canals/pores,NA,NA
57_mid,Neorotalia gaimardi,455120,371331,ct-scan,27537852,34413040,4397717,66348609,canals/pores,NA,NA
57_up,Neorotalia gaimardi,370330,305608,ct-scan,24344729,20690669,3540932,48576329,canals/pores,NA,NA
58_down,Neorotalia gaimardi,513273,414953,ct-scan,45355175,34460576,10260362,90076114,canals/pores,NA,NA
58_mid,Neorotalia gaimardi,331099,243217,ct-scan,20717192,12331123,2966953,36015267,canals/pores,NA,NA
58_up,Neorotalia gaimardi,549549,435377,ct-scan,39772460,35396916,9850187,85019562,canals/pores,NA,NA
59_down,Neorotalia gaimardi,525263,422770,ct-scan,30146417,30188421,4683634,65018472,canals/pores,NA,NA
59_mid,Neorotalia gaimardi,348476,276640,ct-scan,23557814,18011358,4577126,46146298,canals/pores,NA,NA
59_up,Neorotalia gaimardi,315293,255143,ct-scan,20351772,19789020,2822918,42963710,canals/pores,NA,NA
60_down,Neorotalia gaimardi,355825,301892,ct-scan,21771948,22672562,3592427,48036937,canals/pores,NA,NA
60_mid,Neorotalia gaimardi,533342,421034,ct-scan,32032167,39798879,5367177,77198223,canals/pores,NA,NA
60_up,Neorotalia gaimardi,307975,282730,ct-scan,25705297,20682889,3599676,49987863,canals/pores,NA,NA
7884,Operculina ammonoides,3296152,3296152,DNA,NA,NA,NA,NA,NA,185000,NA
7885,Operculina ammonoides,4682936,4682936,DNA,NA,NA,NA,NA,NA,1940000,NA
7886,Operculina ammonoides,4291627,4291627,DNA,NA,NA,NA,NA,NA,285000,NA
7887,Operculina ammonoides,3201214,3201214,DNA,NA,NA,NA,NA,NA,200000,NA
7888,Operculina ammonoides,2215377,2215377,DNA,NA,NA,NA,NA,NA,85000,NA
7889,Operculina ammonoides,2404321,2404321,DNA,NA,NA,NA,NA,NA,170000,NA
7890,Operculina ammonoides,5984658,5984658,DNA,NA,NA,NA,NA,NA,160000,NA
7891,Operculina ammonoides,4924681,4924681,DNA,NA,NA,NA,NA,NA,980000,NA
7892,Operculina ammonoides,1752403,1752403,DNA,NA,NA,NA,NA,NA,205000,NA
7893,Operculina ammonoides,5084190,5084190,DNA,NA,NA,NA,NA,NA,2985000,NA
7894,Operculina ammonoides,5396079,5396079,DNA,NA,NA,NA,NA,NA,1200000,NA
7895,Operculina ammonoides,5219990,5219990,DNA,NA,NA,NA,NA,NA,5355000,NA
7896,Operculina ammonoides,5505665,5505665,DNA,NA,NA,NA,NA,NA,910000,NA
7897,Operculina ammonoides,7590837,7590837,DNA,NA,NA,NA,NA,NA,1460000,NA
7898,Operculina ammonoides,7534363,7534363,DNA,NA,NA,NA,NA,NA,1495000,NA
7899,Operculina ammonoides,4538222,4538222,DNA,NA,NA,NA,NA,NA,2685000,NA
7900,Operculina ammonoides,5579273,5579273,DNA,NA,NA,NA,NA,NA,975000,NA
7901,Operculina ammonoides,5238630,5238630,DNA,NA,NA,NA,NA,NA,415000,NA
7902,Operculina ammonoides,9482303,9482303,DNA,NA,NA,NA,NA,NA,2355000,NA
7903,Operculina ammonoides,6974392,6974392,DNA,NA,NA,NA,NA,NA,1155000,NA
7904,Operculina ammonoides,8473116,8473116,DNA,NA,NA,NA,NA,NA,7400000,NA
7905,Operculina ammonoides,9639343,9639343,DNA,NA,NA,NA,NA,NA,6090000,NA
7906,Operculina ammonoides,9597509,9597509,DNA,NA,NA,NA,NA,NA,4500000,NA
7907,Operculina ammonoides,11220353,11220353,DNA,NA,NA,NA,NA,NA,2175000,NA
7908,Operculina ammonoides,10607414,10607414,DNA,NA,NA,NA,NA,NA,4275000,NA
7909,Operculina ammonoides,11754281,11754281,DNA,NA,NA,NA,NA,NA,825000,NA
7910,Operculina ammonoides,11282913,11282913,DNA,NA,NA,NA,NA,NA,2035000,NA
7911,Operculina ammonoides,12402155,12402155,DNA,NA,NA,NA,NA,NA,2710000,NA
7912,Operculina ammonoides,11253564,11253564,DNA,NA,NA,NA,NA,NA,3835000,NA
7913,Operculina ammonoides,11243506,11243506,DNA,NA,NA,NA,NA,NA,2425000,NA
7914,Operculina ammonoides,14255457,14255457,DNA,NA,NA,NA,NA,NA,19150000,NA
7915,Operculina ammonoides,13072257,13072257,DNA,NA,NA,NA,NA,NA,605000,NA
7916,Operculina ammonoides,25262341,25262341,DNA,NA,NA,NA,NA,NA,2295000,NA
7917,Operculina ammonoides,24577292,24577292,DNA,NA,NA,NA,NA,NA,4200000,NA
7918,Operculina ammonoides,10040376,10040376,DNA,NA,NA,NA,NA,NA,2280000,NA
1_down,Operculina ammonoides,1744667,1744667,ct-scan,262548189,133794047,612381,396954617,canals,NA,NA
1_mid,Operculina ammonoides,1986414,1986414,ct-scan,276840410,132726529,1531120,411098058,canals,NA,NA
1_up,Operculina ammonoides,706761,706761,ct-scan,75745234,34684136,223187,110652558,canals,NA,NA
10_down,Operculina ammonoides,3559563,3559563,ct-scan,486702918,188896892,1153300,676753110,canals,NA,NA
10_mid,Operculina ammonoides,2345359,2345359,ct-scan,320316064,148240905,1245426,469802394,canals,NA,NA
10_up,Operculina ammonoides,1581078,1581078,ct-scan,232431352,97948216,658113,331037681,canals,NA,NA
2_down,Operculina ammonoides,1053435,1053435,ct-scan,84904987,44361792,548125,129814904,canals,NA,NA
2_up,Operculina ammonoides,1449805,1449805,ct-scan,207423332,99701946,1806485,308931763,canals,NA,NA
3_down,Operculina ammonoides,4028675,4028675,ct-scan,326315120,142949841,2153944,471418905,canals,NA,NA
3_mid,Operculina ammonoides,1127767,1127767,ct-scan,146290391,49168172,795301,196253864,canals,NA,NA
3_up,Operculina ammonoides,739868,739868,ct-scan,67679005,33024653,312505,101016162,canals,NA,NA
4_down,Operculina ammonoides,997647,997647,ct-scan,109823941,50996988,527133,161348062,canals,NA,NA
4_mid,Operculina ammonoides,1286639,1286639,ct-scan,164628869,67634168,458327,232721364,canals,NA,NA
4_up,Operculina ammonoides,1014989,1014989,ct-scan,106214843,42348845,263129,148826816,canals,NA,NA
5_bot,Operculina ammonoides,451025,451025,ct-scan,69243152,12684664,132443,82060259,canals,NA,NA
5_mid,Operculina ammonoides,543105,543105,ct-scan,71830643,26085773,233302,98149718,canals,NA,NA
5_up,Operculina ammonoides,973966,973966,ct-scan,111497011,52173952,518210,164189173,canals,NA,NA
6_down,Operculina ammonoides,2553645,2553645,ct-scan,569291266,233647065,7940411,810878741,canals,NA,NA
6_mid,Operculina ammonoides,1263528,1263528,ct-scan,171627171,70733903,1124711,243485785,canals,NA,NA
6_up,Operculina ammonoides,524777,524777,ct-scan,45744534,20632497,945170,67322201,canals,NA,NA
7_down,Operculina ammonoides,325092,325092,ct-scan,44899097,23290774,137445,68327316,canals,NA,NA
7_mid,Operculina ammonoides,914943,914943,ct-scan,95482319,43624518,621065,139727902,canals,NA,NA
7_top,Operculina ammonoides,1172092,1172092,ct-scan,90228491,31697534,2714841,124640866,canals,NA,NA
8_down,Operculina ammonoides,1332601,1332601,ct-scan,170300989,88667546,414853,259383388,canals,NA,NA
8_mid,Operculina ammonoides,2794326,2794326,ct-scan,377656041,184924477,3405578,565986095,canals,NA,NA
8_up,Operculina ammonoides,985418,985418,ct-scan,127540956,56604570,509830,184655357,canals,NA,NA
9_down,Operculina ammonoides,2698099,2698099,ct-scan,450491257,169657245,1361290,621509792,canals,NA,NA
9_mid,Operculina ammonoides,1057957,1057957,ct-scan,126918293,59963872,445604,187327769,canals,NA,NA
9_up,Operculina ammonoides,1528305,1528305,ct-scan,254026756,101225063,1196459,356448278,canals,NA,NA
