Nr.,baseclear_ID,baseclear_ID_real,extract_ID,registr. nmbr.,replicate,field nmbr.,bulk,country,island,locality,Plate,PCR2,pos_PCR2,"depth (below the local surface, in meters)",type,new name
9,e1100016617_NBCLAB9075b_UPG-EG22-022-bulk65_EG009_B2_A09_ForamPools_102191-64,e1100016617_NBCLAB9075b_UPG.EG22.022.bulk65_EG009_B2_A09_ForamPools_102191.64_ACGAAGTGCGGTCGTGAATC_L001,1100016617,NBCLAB9075,B,UPG-EG22-022,bulk65,Indonesia,Badi,Makassar,NCBN001527,EG009,A09,,bulk,B_UPG-EG22-022_bulk_B
10,e1100016618_NBCLAB9078a_UPG-EG22-025-bulk73_EG009_B2_A10_ForamPools_102191-72,e1100016618_NBCLAB9078a_UPG.EG22.025.bulk73_EG009_B2_A10_ForamPools_102191.72_GAATAGCAAGGTCGTGAATC_L001,1100016618,NBCLAB9078,A,UPG-EG22-025,bulk73,Indonesia,Badi,Makassar,NCBN001527,EG009,A10,,bulk,B_UPG-EG22-025_bulk_A
11,e1100016619_NBCLAB9080c_UPG-EG22-027-bulk81_EG009_B2_A11_ForamPools_102191-80,e1100016619_NBCLAB9080c_UPG.EG22.027.bulk81_EG009_B2_A11_ForamPools_102191.80_CCTGGTGAGAGTCGTGAATC_L001,1100016619,NBCLAB9080,C,UPG-EG22-027,bulk81,Indonesia,Badi,Makassar,NCBN001527,EG009,A11,,bulk,B_UPG-EG22-027_bulk_C
12,e1100016620_NBCLAB9083b_UPG-EG22-030-bulk89_EG009_B2_A12_ForamPools_102191-88,e1100016620_NBCLAB9083b_UPG.EG22.030.bulk89_EG009_B2_A12_ForamPools_102191.88_ACGTGAGGAAGTCGTGAATC_L001,1100016620,NBCLAB9083,B,UPG-EG22-030,bulk89,Indonesia,Badi,Makassar,NCBN001527,EG009,A12,,bulk,B_UPG-EG22-030_bulk_B
21,e1100016629_NBCLAB9075c_UPG-EG22-022-bulk66_EG009_B2_B09_ForamPools_102191-65,e1100016629_NBCLAB9075c_UPG.EG22.022.bulk66_EG009_B2_B09_ForamPools_102191.65_ACGAAGTGCGCTGTTCTACG_L001,1100016629,NBCLAB9075,C,UPG-EG22-022,bulk66,Indonesia,Badi,Makassar,NCBN001527,EG009,B09,,bulk,B_UPG-EG22-022_bulk_C
22,e1100016630_NBCLAB9078b_UPG-EG22-025-bulk74_EG009_B2_B10_ForamPools_102191-73,e1100016630_NBCLAB9078b_UPG.EG22.025.bulk74_EG009_B2_B10_ForamPools_102191.73_GAATAGCAAGCTGTTCTACG_L001,1100016630,NBCLAB9078,B,UPG-EG22-025,bulk74,Indonesia,Badi,Makassar,NCBN001527,EG009,B10,,bulk,B_UPG-EG22-025_bulk_B
23,e1100016631_NBCLAB9081a_UPG-EG22-028-bulk82_EG009_B2_B11_ForamPools_102191-81,e1100016631_NBCLAB9081a_UPG.EG22.028.bulk82_EG009_B2_B11_ForamPools_102191.81_CCTGGTGAGACTGTTCTACG_L001,1100016631,NBCLAB9081,A,UPG-EG22-028,bulk82,Indonesia,Badi,Makassar,NCBN001527,EG009,B11,,bulk,B_UPG-EG22-028_bulk_A
24,e1100016632_NBCLAB9083c_UPG-EG22-030-bulk90_EG009_B2_B12_ForamPools_102191-89,e1100016632_NBCLAB9083c_UPG.EG22.030.bulk90_EG009_B2_B12_ForamPools_102191.89_ACGTGAGGAACTGTTCTACG_L001,1100016632,NBCLAB9083,C,UPG-EG22-030,bulk90,Indonesia,Badi,Makassar,NCBN001527,EG009,B12,,bulk,B_UPG-EG22-030_bulk_C
33,e1100016641_NBCLAB9076a_UPG-EG22-023-bulk67_EG009_B2_C09_ForamPools_102191-66,e1100016641_NBCLAB9076a_UPG.EG22.023.bulk67_EG009_B2_C09_ForamPools_102191.66_ACGAAGTGCGGCTCTTAGGT_L001,1100016641,NBCLAB9076,A,UPG-EG22-023,bulk67,Indonesia,Badi,Makassar,NCBN001527,EG009,C09,,bulk,B_UPG-EG22-023_bulk_A
34,e1100016642_NBCLAB9078c_UPG-EG22-025-bulk75_EG009_B2_C10_ForamPools_102191-74,e1100016642_NBCLAB9078c_UPG.EG22.025.bulk75_EG009_B2_C10_ForamPools_102191.74_GAATAGCAAGGCTCTTAGGT_L001,1100016642,NBCLAB9078,C,UPG-EG22-025,bulk75,Indonesia,Badi,Makassar,NCBN001527,EG009,C10,,bulk,B_UPG-EG22-025_bulk_C
35,e1100016643_NBCLAB9081b_UPG-EG22-028-bulk83_EG009_B2_C11_ForamPools_102191-82,e1100016643_NBCLAB9081b_UPG.EG22.028.bulk83_EG009_B2_C11_ForamPools_102191.82_CCTGGTGAGAGCTCTTAGGT_L001,1100016643,NBCLAB9081,B,UPG-EG22-028,bulk83,Indonesia,Badi,Makassar,NCBN001527,EG009,C11,,bulk,B_UPG-EG22-028_bulk_B
36,e1100016644_NBCLAB9084a_UPG-EG22-031-bulk91_EG009_B2_C12_ForamPools_102191-90,e1100016644_NBCLAB9084a_UPG.EG22.031.bulk91_EG009_B2_C12_ForamPools_102191.90_ACGTGAGGAAGCTCTTAGGT_L001,1100016644,NBCLAB9084,A,UPG-EG22-031,bulk91,Indonesia,Badi,Makassar,NCBN001527,EG009,C12,,bulk,B_UPG-EG22-031_bulk_A
45,e1100016653_NBCLAB9076b_UPG-EG22-023-bulk68_EG009_B2_D09_ForamPools_102191-67,e1100016653_NBCLAB9076b_UPG.EG22.023.bulk68_EG009_B2_D09_ForamPools_102191.67_ACGAAGTGCGTAGAAGCCAT_L001,1100016653,NBCLAB9076,B,UPG-EG22-023,bulk68,Indonesia,Badi,Makassar,NCBN001527,EG009,D09,,bulk,B_UPG-EG22-023_bulk_B
46,e1100016654_NBCLAB9079a_UPG-EG22-026-bulk76_EG009_B2_D10_ForamPools_102191-75,e1100016654_NBCLAB9079a_UPG.EG22.026.bulk76_EG009_B2_D10_ForamPools_102191.75_GAATAGCAAGTAGAAGCCAT_L001,1100016654,NBCLAB9079,A,UPG-EG22-026,bulk76,Indonesia,Badi,Makassar,NCBN001527,EG009,D10,,bulk,B_UPG-EG22-026_bulk_A
47,e1100016655_NBCLAB9081c_UPG-EG22-028-bulk84_EG009_B2_D11_ForamPools_102191-83,e1100016655_NBCLAB9081c_UPG.EG22.028.bulk84_EG009_B2_D11_ForamPools_102191.83_CCTGGTGAGATAGAAGCCAT_L001,1100016655,NBCLAB9081,C,UPG-EG22-028,bulk84,Indonesia,Badi,Makassar,NCBN001527,EG009,D11,,bulk,B_UPG-EG22-028_bulk_C
48,e1100016656_NBCLAB9084b_UPG-EG22-031-bulk92_EG009_B2_D12_ForamPools_102191-91,e1100016656_NBCLAB9084b_UPG.EG22.031.bulk92_EG009_B2_D12_ForamPools_102191.91_ACGTGAGGAATAGAAGCCAT_L001,1100016656,NBCLAB9084,B,UPG-EG22-031,bulk92,Indonesia,Badi,Makassar,NCBN001527,EG009,D12,,bulk,B_UPG-EG22-031_bulk_B
56,e1100016664_NBCLAB9074a_UPG-EG22-021-bulk61_EG009_B2_E08_ForamPools_102191-60,e1100016664_NBCLAB9074a_UPG.EG22.021.bulk61_EG009_B2_E08_ForamPools_102191.60_GTTGTTACCTCACTTAGGTA_L001,1100016664,NBCLAB9074,A,UPG-EG22-021,bulk61,Indonesia,Badi,Makassar,NCBN001527,EG009,E08,,bulk,B_UPG-EG22-021_bulk_A
57,e1100016665_NBCLAB9076c_UPG-EG22-023-bulk69_EG009_B2_E09_ForamPools_102191-68,e1100016665_NBCLAB9076c_UPG.EG22.023.bulk69_EG009_B2_E09_ForamPools_102191.68_ACGAAGTGCGCACTTAGGTA_L001,1100016665,NBCLAB9076,C,UPG-EG22-023,bulk69,Indonesia,Badi,Makassar,NCBN001527,EG009,E09,,bulk,B_UPG-EG22-023_bulk_C
58,e1100016666_NBCLAB9079b_UPG-EG22-026-bulk77_EG009_B2_E10_ForamPools_102191-76,e1100016666_NBCLAB9079b_UPG.EG22.026.bulk77_EG009_B2_E10_ForamPools_102191.76_GAATAGCAAGCACTTAGGTA_L001,1100016666,NBCLAB9079,B,UPG-EG22-026,bulk77,Indonesia,Badi,Makassar,NCBN001527,EG009,E10,,bulk,B_UPG-EG22-026_bulk_B
59,e1100016667_NBCLAB9082a_UPG-EG22-029-bulk85_EG009_B2_E11_ForamPools_102191-84,e1100016667_NBCLAB9082a_UPG.EG22.029.bulk85_EG009_B2_E11_ForamPools_102191.84_CCTGGTGAGACACTTAGGTA_L001,1100016667,NBCLAB9082,A,UPG-EG22-029,bulk85,Indonesia,Badi,Makassar,NCBN001527,EG009,E11,,bulk,B_UPG-EG22-029_bulk_A
60,e1100016668_NBCLAB9084c_UPG-EG22-031-bulk93_EG009_B2_E12_ForamPools_102191-92,e1100016668_NBCLAB9084c_UPG.EG22.031.bulk93_EG009_B2_E12_ForamPools_102191.92_ACGTGAGGAACACTTAGGTA_L001,1100016668,NBCLAB9084,C,UPG-EG22-031,bulk93,Indonesia,Badi,Makassar,NCBN001527,EG009,E12,,bulk,B_UPG-EG22-031_bulk_C
68,e1100016676_NBCLAB9074b_UPG-EG22-021-bulk62_EG009_B2_F08_ForamPools_102191-61,e1100016676_NBCLAB9074b_UPG.EG22.021.bulk62_EG009_B2_F08_ForamPools_102191.61_GTTGTTACCTATAGGTAAGG_L001,1100016676,NBCLAB9074,B,UPG-EG22-021,bulk62,Indonesia,Badi,Makassar,NCBN001527,EG009,F08,,bulk,B_UPG-EG22-021_bulk_B
69,e1100016677_NBCLAB9077a_UPG-EG22-024-bulk70_EG009_B2_F09_ForamPools_102191-69,e1100016677_NBCLAB9077a_UPG.EG22.024.bulk70_EG009_B2_F09_ForamPools_102191.69_ACGAAGTGCGATAGGTAAGG_L001,1100016677,NBCLAB9077,A,UPG-EG22-024,bulk70,Indonesia,Badi,Makassar,NCBN001527,EG009,F09,,bulk,B_UPG-EG22-024_bulk_A
70,e1100016678_NBCLAB9079c_UPG-EG22-026-bulk78_EG009_B2_F10_ForamPools_102191-77,e1100016678_NBCLAB9079c_UPG.EG22.026.bulk78_EG009_B2_F10_ForamPools_102191.77_GAATAGCAAGATAGGTAAGG_L001,1100016678,NBCLAB9079,C,UPG-EG22-026,bulk78,Indonesia,Badi,Makassar,NCBN001527,EG009,F10,,bulk,B_UPG-EG22-026_bulk_C
71,e1100016679_NBCLAB9082b_UPG-EG22-029-bulk86_EG009_B2_F11_ForamPools_102191-85,e1100016679_NBCLAB9082b_UPG.EG22.029.bulk86_EG009_B2_F11_ForamPools_102191.85_CCTGGTGAGAATAGGTAAGG_L001,1100016679,NBCLAB9082,B,UPG-EG22-029,bulk86,Indonesia,Badi,Makassar,NCBN001527,EG009,F11,,bulk,B_UPG-EG22-029_bulk_B
80,e1100016688_NBCLAB9074c_UPG-EG22-021-bulk63_EG009_B2_G08_ForamPools_102191-62,e1100016688_NBCLAB9074c_UPG.EG22.021.bulk63_EG009_B2_G08_ForamPools_102191.62_GTTGTTACCTCGCCTTATAT_L001,1100016688,NBCLAB9074,C,UPG-EG22-021,bulk63,Indonesia,Badi,Makassar,NCBN001527,EG009,G08,,bulk,B_UPG-EG22-021_bulk_C
81,e1100016689_NBCLAB9077b_UPG-EG22-024-bulk71_EG009_B2_G09_ForamPools_102191-70,e1100016689_NBCLAB9077b_UPG.EG22.024.bulk71_EG009_B2_G09_ForamPools_102191.70_ACGAAGTGCGCGCCTTATAT_L001,1100016689,NBCLAB9077,B,UPG-EG22-024,bulk71,Indonesia,Badi,Makassar,NCBN001527,EG009,G09,,bulk,B_UPG-EG22-024_bulk_B
82,e1100016690_NBCLAB9080a_UPG-EG22-027-bulk79_EG009_B2_G10_ForamPools_102191-78,e1100016690_NBCLAB9080a_UPG.EG22.027.bulk79_EG009_B2_G10_ForamPools_102191.78_GAATAGCAAGCGCCTTATAT_L001,1100016690,NBCLAB9080,A,UPG-EG22-027,bulk79,Indonesia,Badi,Makassar,NCBN001527,EG009,G10,,bulk,B_UPG-EG22-027_bulk_A
83,e1100016691_NBCLAB9082c_UPG-EG22-029-bulk87_EG009_B2_G11_ForamPools_102191-86,e1100016691_NBCLAB9082c_UPG.EG22.029.bulk87_EG009_B2_G11_ForamPools_102191.86_CCTGGTGAGACGCCTTATAT_L001,1100016691,NBCLAB9082,C,UPG-EG22-029,bulk87,Indonesia,Badi,Makassar,NCBN001527,EG009,G11,,bulk,B_UPG-EG22-029_bulk_C
87,e1100016695_NBCLAB9083a_UPG-EG22-030-bulk88_EG009_B2_H11_ForamPools_102191-87,e1100016695_NBCLAB9083a_UPG.EG22.030.bulk88_EG009_B2_H11_ForamPools_102191.87_CCTGGTGAGAGCACGATGCT_L001,1100016695,NBCLAB9083,A,UPG-EG22-030,bulk88,Indonesia,Badi,Makassar,NCBN001527,EG009,H11,,bulk,B_UPG-EG22-030_bulk_A
92,e1100016700_NBCLAB9075a_UPG-EG22-022-bulk64_EG009_B2_H08_ForamPools_102191-63,e1100016700_NBCLAB9075a_UPG.EG22.022.bulk64_EG009_B2_H08_ForamPools_102191.63_GTTGTTACCTGCACGATGCT_L001,1100016700,NBCLAB9075,A,UPG-EG22-022,bulk64,Indonesia,Badi,Makassar,NCBN001527,EG009,H08,,bulk,B_UPG-EG22-022_bulk_A
93,e1100016701_NBCLAB9077c_UPG-EG22-024-bulk72_EG009_B2_H09_ForamPools_102191-71,e1100016701_NBCLAB9077c_UPG.EG22.024.bulk72_EG009_B2_H09_ForamPools_102191.71_ACGAAGTGCGGCACGATGCT_L001,1100016701,NBCLAB9077,C,UPG-EG22-024,bulk72,Indonesia,Badi,Makassar,NCBN001527,EG009,H09,,bulk,B_UPG-EG22-024_bulk_C
94,e1100016702_NBCLAB9080b_UPG-EG22-027-bulk80_EG009_B2_H10_ForamPools_102191-79,e1100016702_NBCLAB9080b_UPG.EG22.027.bulk80_EG009_B2_H10_ForamPools_102191.79_GAATAGCAAGGCACGATGCT_L001,1100016702,NBCLAB9080,B,UPG-EG22-027,bulk80,Indonesia,Badi,Makassar,NCBN001527,EG009,H10,,bulk,B_UPG-EG22-027_bulk_B
97,e1100016705_NBCLAB9085a_UPG-EG22-032-bulk94_EG010_B4_A01_ForamPools_102191-384,e1100016705_NBCLAB9085a_UPG.EG22.032.bulk94_EG010_B4_A01_ForamPools_102191.384_GACCAAGTTAAATATGCCAG_L001,1100016705,NBCLAB9085,A,UPG-EG22-032,bulk94,Indonesia,Badi,Makassar,NCBN001528,EG010,A01,,bulk,B_UPG-EG22-032_bulk_A
109,e1100016717_NBCLAB9085b_UPG-EG22-032-bulk95_EG010_B4_B01_ForamPools_102191-385,e1100016717_NBCLAB9085b_UPG.EG22.032.bulk95_EG010_B4_B01_ForamPools_102191.385_GACCAAGTTATAGAGTCACG_L001,1100016717,NBCLAB9085,B,UPG-EG22-032,bulk95,Indonesia,Badi,Makassar,NCBN001528,EG010,B01,,bulk,B_UPG-EG22-032_bulk_B
121,e1100016729_NBCLAB9085c_UPG-EG22-032-bulk96_EG010_B4_C01_ForamPools_102191-386,e1100016729_NBCLAB9085c_UPG.EG22.032.bulk96_EG010_B4_C01_ForamPools_102191.386_GACCAAGTTATTAACAGGTC_L001,1100016729,NBCLAB9085,C,UPG-EG22-032,bulk96,Indonesia,Badi,Makassar,NCBN001528,EG010,C01,,bulk,B_UPG-EG22-032_bulk_C
133,e1100016741_NBCLAB9086a_UPG-EG22-033-bulk97_EG010_B4_D01_ForamPools_102191-387,e1100016741_NBCLAB9086a_UPG.EG22.033.bulk97_EG010_B4_D01_ForamPools_102191.387_GACCAAGTTAACATGAGCCA_L001,1100016741,NBCLAB9086,A,UPG-EG22-033,bulk97,Indonesia,Badi,Makassar,NCBN001528,EG010,D01,,bulk,B_UPG-EG22-033_bulk_A
145,e1100016753_NBCLAB9086b_UPG-EG22-033-bulk98_EG010_B4_E01_ForamPools_102191-388,e1100016753_NBCLAB9086b_UPG.EG22.033.bulk98_EG010_B4_E01_ForamPools_102191.388_GACCAAGTTAGCGAGGTTCT_L001,1100016753,NBCLAB9086,B,UPG-EG22-033,bulk98,Indonesia,Badi,Makassar,NCBN001528,EG010,E01,,bulk,B_UPG-EG22-033_bulk_B
157,e1100016765_NBCLAB9086c_UPG-EG22-033-bulk99_EG010_B4_F01_ForamPools_102191-389,e1100016765_NBCLAB9086c_UPG.EG22.033.bulk99_EG010_B4_F01_ForamPools_102191.389_GACCAAGTTATGTCCGTAGG_L001,1100016765,NBCLAB9086,C,UPG-EG22-033,bulk99,Indonesia,Badi,Makassar,NCBN001528,EG010,F01,,bulk,B_UPG-EG22-033_bulk_C
200,e1100016808_NBCLAB9134c_UPG-EG22-081-bulk243_EG011_B6_A08_ForamPools_102191-824,e1100016808_NBCLAB9134c_UPG.EG22.081.bulk243_EG011_B6_A08_ForamPools_102191.824_GTTGTTACCTCTTAACGACA_L001,1100016808,NBCLAB9134,C,UPG-EG22-081,bulk243,Indonesia,Lumulumu,Makassar,NCBN001529,EG011,A08,,bulk,L_UPG-EG22-081_bulk_C
201,e1100016809_NBCLAB9137b_UPG-EG22-084-bulk251_EG011_B6_A09_ForamPools_102191-832,e1100016809_NBCLAB9137b_UPG.EG22.084.bulk251_EG011_B6_A09_ForamPools_102191.832_ACGAAGTGCGCTTAACGACA_L001,1100016809,NBCLAB9137,B,UPG-EG22-084,bulk251,Indonesia,Lumulumu,Makassar,NCBN001529,EG011,A09,,bulk,L_UPG-EG22-084_bulk_B
202,e1100016810_NBCLAB9140a_UPG-EG22-087-bulk259_EG011_B6_A10_ForamPools_102191-840,e1100016810_NBCLAB9140a_UPG.EG22.087.bulk259_EG011_B6_A10_ForamPools_102191.840_GAATAGCAAGCTTAACGACA_L001,1100016810,NBCLAB9140,A,UPG-EG22-087,bulk259,Indonesia,Lumulumu,Makassar,NCBN001529,EG011,A10,,bulk,L_UPG-EG22-087_bulk_A
203,e1100016811_NBCLAB9142c_UPG-EG22-089-bulk267_EG011_B6_A11_ForamPools_102191-848,e1100016811_NBCLAB9142c_UPG.EG22.089.bulk267_EG011_B6_A11_ForamPools_102191.848_CCTGGTGAGACTTAACGACA_L001,1100016811,NBCLAB9142,C,UPG-EG22-089,bulk267,Indonesia,Lumulumu,Makassar,NCBN001529,EG011,A11,,bulk,L_UPG-EG22-089_bulk_C
212,e1100016820_NBCLAB9135a_UPG-EG22-082-bulk244_EG011_B6_B08_ForamPools_102191-825,e1100016820_NBCLAB9135a_UPG.EG22.082.bulk244_EG011_B6_B08_ForamPools_102191.825_GTTGTTACCTTCCTCGAGCT_L001,1100016820,NBCLAB9135,A,UPG-EG22-082,bulk244,Indonesia,Lumulumu,Makassar,NCBN001529,EG011,B08,,bulk,L_UPG-EG22-082_bulk_A
213,e1100016821_NBCLAB9137c_UPG-EG22-084-bulk252_EG011_B6_B09_ForamPools_102191-833,e1100016821_NBCLAB9137c_UPG.EG22.084.bulk252_EG011_B6_B09_ForamPools_102191.833_ACGAAGTGCGTCCTCGAGCT_L001,1100016821,NBCLAB9137,C,UPG-EG22-084,bulk252,Indonesia,Lumulumu,Makassar,NCBN001529,EG011,B09,,bulk,L_UPG-EG22-084_bulk_C
214,e1100016822_NBCLAB9140b_UPG-EG22-087-bulk260_EG011_B6_B10_ForamPools_102191-841,e1100016822_NBCLAB9140b_UPG.EG22.087.bulk260_EG011_B6_B10_ForamPools_102191.841_GAATAGCAAGTCCTCGAGCT_L001,1100016822,NBCLAB9140,B,UPG-EG22-087,bulk260,Indonesia,Lumulumu,Makassar,NCBN001529,EG011,B10,,bulk,L_UPG-EG22-087_bulk_B
215,e1100016823_NBCLAB9143a_UPG-EG22-090-bulk268_EG011_B6_B11_ForamPools_102191-849,e1100016823_NBCLAB9143a_UPG.EG22.090.bulk268_EG011_B6_B11_ForamPools_102191.849_CCTGGTGAGATCCTCGAGCT_L001,1100016823,NBCLAB9143,A,UPG-EG22-090,bulk268,Indonesia,Lumulumu,Makassar,NCBN001529,EG011,B11,,bulk,L_UPG-EG22-090_bulk_A
224,e1100016832_NBCLAB9135b_UPG-EG22-082-bulk245_EG011_B6_C08_ForamPools_102191-826,e1100016832_NBCLAB9135b_UPG.EG22.082.bulk245_EG011_B6_C08_ForamPools_102191.826_GTTGTTACCTCGAGTAATGT_L001,1100016832,NBCLAB9135,B,UPG-EG22-082,bulk245,Indonesia,Lumulumu,Makassar,NCBN001529,EG011,C08,,bulk,L_UPG-EG22-082_bulk_B
225,e1100016833_NBCLAB9138a_UPG-EG22-085-bulk253_EG011_B6_C09_ForamPools_102191-834,e1100016833_NBCLAB9138a_UPG.EG22.085.bulk253_EG011_B6_C09_ForamPools_102191.834_ACGAAGTGCGCGAGTAATGT_L001,1100016833,NBCLAB9138,A,UPG-EG22-085,bulk253,Indonesia,Lumulumu,Makassar,NCBN001529,EG011,C09,,bulk,L_UPG-EG22-085_bulk_A
226,e1100016834_NBCLAB9140c_UPG-EG22-087-bulk261_EG011_B6_C10_ForamPools_102191-842,e1100016834_NBCLAB9140c_UPG.EG22.087.bulk261_EG011_B6_C10_ForamPools_102191.842_GAATAGCAAGCGAGTAATGT_L001,1100016834,NBCLAB9140,C,UPG-EG22-087,bulk261,Indonesia,Lumulumu,Makassar,NCBN001529,EG011,C10,,bulk,L_UPG-EG22-087_bulk_C
227,e1100016835_NBCLAB9143b_UPG-EG22-090-bulk269_EG011_B6_C11_ForamPools_102191-850,e1100016835_NBCLAB9143b_UPG.EG22.090.bulk269_EG011_B6_C11_ForamPools_102191.850_CCTGGTGAGACGAGTAATGT_L001,1100016835,NBCLAB9143,B,UPG-EG22-090,bulk269,Indonesia,Lumulumu,Makassar,NCBN001529,EG011,C11,,bulk,L_UPG-EG22-090_bulk_B
236,e1100016844_NBCLAB9135c_UPG-EG22-082-bulk246_EG011_B6_D08_ForamPools_102191-827,e1100016844_NBCLAB9135c_UPG.EG22.082.bulk246_EG011_B6_D08_ForamPools_102191.827_GTTGTTACCTCAGCGGTATG_L001,1100016844,NBCLAB9135,C,UPG-EG22-082,bulk246,Indonesia,Lumulumu,Makassar,NCBN001529,EG011,D08,,bulk,L_UPG-EG22-082_bulk_C
237,e1100016845_NBCLAB9138b_UPG-EG22-085-bulk254_EG011_B6_D09_ForamPools_102191-835,e1100016845_NBCLAB9138b_UPG.EG22.085.bulk254_EG011_B6_D09_ForamPools_102191.835_ACGAAGTGCGCAGCGGTATG_L001,1100016845,NBCLAB9138,B,UPG-EG22-085,bulk254,Indonesia,Lumulumu,Makassar,NCBN001529,EG011,D09,,bulk,L_UPG-EG22-085_bulk_B
238,e1100016846_NBCLAB9141a_UPG-EG22-088-bulk262_EG011_B6_D10_ForamPools_102191-843,e1100016846_NBCLAB9141a_UPG.EG22.088.bulk262_EG011_B6_D10_ForamPools_102191.843_GAATAGCAAGCAGCGGTATG_L001,1100016846,NBCLAB9141,A,UPG-EG22-088,bulk262,Indonesia,Lumulumu,Makassar,NCBN001529,EG011,D10,,bulk,L_UPG-EG22-088_bulk_A
239,e1100016847_NBCLAB9143c_UPG-EG22-090-bulk270_EG011_B6_D11_ForamPools_102191-851,e1100016847_NBCLAB9143c_UPG.EG22.090.bulk270_EG011_B6_D11_ForamPools_102191.851_CCTGGTGAGACAGCGGTATG_L001,1100016847,NBCLAB9143,C,UPG-EG22-090,bulk270,Indonesia,Lumulumu,Makassar,NCBN001529,EG011,D11,,bulk,L_UPG-EG22-090_bulk_C
248,e1100016856_NBCLAB9136a_UPG-EG22-083-bulk247_EG011_B6_E08_ForamPools_102191-828,e1100016856_NBCLAB9136a_UPG.EG22.083.bulk247_EG011_B6_E08_ForamPools_102191.828_GTTGTTACCTGCTACTTGCA_L001,1100016856,NBCLAB9136,A,UPG-EG22-083,bulk247,Indonesia,Lumulumu,Makassar,NCBN001529,EG011,E08,,bulk,L_UPG-EG22-083_bulk_A
249,e1100016857_NBCLAB9138c_UPG-EG22-085-bulk255_EG011_B6_E09_ForamPools_102191-836,e1100016857_NBCLAB9138c_UPG.EG22.085.bulk255_EG011_B6_E09_ForamPools_102191.836_ACGAAGTGCGGCTACTTGCA_L001,1100016857,NBCLAB9138,C,UPG-EG22-085,bulk255,Indonesia,Lumulumu,Makassar,NCBN001529,EG011,E09,,bulk,L_UPG-EG22-085_bulk_C
250,e1100016858_NBCLAB9141b_UPG-EG22-088-bulk263_EG011_B6_E10_ForamPools_102191-844,e1100016858_NBCLAB9141b_UPG.EG22.088.bulk263_EG011_B6_E10_ForamPools_102191.844_GAATAGCAAGGCTACTTGCA_L001,1100016858,NBCLAB9141,B,UPG-EG22-088,bulk263,Indonesia,Lumulumu,Makassar,NCBN001529,EG011,E10,,bulk,L_UPG-EG22-088_bulk_B
251,e1100016859_NBCLAB9144a_UPG-EG22-091-bulk271_EG011_B6_E11_ForamPools_102191-852,e1100016859_NBCLAB9144a_UPG.EG22.091.bulk271_EG011_B6_E11_ForamPools_102191.852_CCTGGTGAGAGCTACTTGCA_L001,1100016859,NBCLAB9144,A,UPG-EG22-091,bulk271,Indonesia,Lumulumu,Makassar,NCBN001529,EG011,E11,,bulk,L_UPG-EG22-091_bulk_A
260,e1100016868_NBCLAB9136b_UPG-EG22-083-bulk248_EG011_B6_F08_ForamPools_102191-829,e1100016868_NBCLAB9136b_UPG.EG22.083.bulk248_EG011_B6_F08_ForamPools_102191.829_GTTGTTACCTGCTATTGAAG_L001,1100016868,NBCLAB9136,B,UPG-EG22-083,bulk248,Indonesia,Lumulumu,Makassar,NCBN001529,EG011,F08,,bulk,L_UPG-EG22-083_bulk_B
261,e1100016869_NBCLAB9139a_UPG-EG22-086-bulk256_EG011_B6_F09_ForamPools_102191-837,e1100016869_NBCLAB9139a_UPG.EG22.086.bulk256_EG011_B6_F09_ForamPools_102191.837_ACGAAGTGCGGCTATTGAAG_L001,1100016869,NBCLAB9139,A,UPG-EG22-086,bulk256,Indonesia,Lumulumu,Makassar,NCBN001529,EG011,F09,,bulk,L_UPG-EG22-086_bulk_A
262,e1100016870_NBCLAB9141c_UPG-EG22-088-bulk264_EG011_B6_F10_ForamPools_102191-845,e1100016870_NBCLAB9141c_UPG.EG22.088.bulk264_EG011_B6_F10_ForamPools_102191.845_GAATAGCAAGGCTATTGAAG_L001,1100016870,NBCLAB9141,C,UPG-EG22-088,bulk264,Indonesia,Lumulumu,Makassar,NCBN001529,EG011,F10,,bulk,L_UPG-EG22-088_bulk_C
263,e1100016871_NBCLAB9144b_UPG-EG22-091-bulk272_EG011_B6_F11_ForamPools_102191-853,e1100016871_NBCLAB9144b_UPG.EG22.091.bulk272_EG011_B6_F11_ForamPools_102191.853_CCTGGTGAGAGCTATTGAAG_L001,1100016871,NBCLAB9144,B,UPG-EG22-091,bulk272,Indonesia,Lumulumu,Makassar,NCBN001529,EG011,F11,,bulk,L_UPG-EG22-091_bulk_B
271,e1100016879_NBCLAB9134a_UPG-EG22-081-bulk241_EG011_B6_G07_ForamPools_102191-822,e1100016879_NBCLAB9134a_UPG.EG22.081.bulk241_EG011_B6_G07_ForamPools_102191.822_ACGCTAATCTTCAGCATCCG_L001,1100016879,NBCLAB9134,A,UPG-EG22-081,bulk241,Indonesia,Lumulumu,Makassar,NCBN001529,EG011,G07,,bulk,L_UPG-EG22-081_bulk_A
272,e1100016880_NBCLAB9136c_UPG-EG22-083-bulk249_EG011_B6_G08_ForamPools_102191-830,e1100016880_NBCLAB9136c_UPG.EG22.083.bulk249_EG011_B6_G08_ForamPools_102191.830_GTTGTTACCTTCAGCATCCG_L001,1100016880,NBCLAB9136,C,UPG-EG22-083,bulk249,Indonesia,Lumulumu,Makassar,NCBN001529,EG011,G08,,bulk,L_UPG-EG22-083_bulk_C
273,e1100016881_NBCLAB9139b_UPG-EG22-086-bulk257_EG011_B6_G09_ForamPools_102191-838,e1100016881_NBCLAB9139b_UPG.EG22.086.bulk257_EG011_B6_G09_ForamPools_102191.838_ACGAAGTGCGTCAGCATCCG_L001,1100016881,NBCLAB9139,B,UPG-EG22-086,bulk257,Indonesia,Lumulumu,Makassar,NCBN001529,EG011,G09,,bulk,L_UPG-EG22-086_bulk_B
274,e1100016882_NBCLAB9142a_UPG-EG22-089-bulk265_EG011_B6_G10_ForamPools_102191-846,e1100016882_NBCLAB9142a_UPG.EG22.089.bulk265_EG011_B6_G10_ForamPools_102191.846_GAATAGCAAGTCAGCATCCG_L001,1100016882,NBCLAB9142,A,UPG-EG22-089,bulk265,Indonesia,Lumulumu,Makassar,NCBN001529,EG011,G10,,bulk,L_UPG-EG22-089_bulk_A
275,e1100016883_NBCLAB9144c_UPG-EG22-091-bulk273_EG011_B6_G11_ForamPools_102191-854,e1100016883_NBCLAB9144c_UPG.EG22.091.bulk273_EG011_B6_G11_ForamPools_102191.854_CCTGGTGAGATCAGCATCCG_L001,1100016883,NBCLAB9144,C,UPG-EG22-091,bulk273,Indonesia,Lumulumu,Makassar,NCBN001529,EG011,G11,,bulk,L_UPG-EG22-091_bulk_C
283,e1100016891_NBCLAB9134b_UPG-EG22-081-bulk242_EG011_B6_H07_ForamPools_102191-823,e1100016891_NBCLAB9134b_UPG.EG22.081.bulk242_EG011_B6_H07_ForamPools_102191.823_ACGCTAATCTTAGGTGGTGG_L001,1100016891,NBCLAB9134,B,UPG-EG22-081,bulk242,Indonesia,Lumulumu,Makassar,NCBN001529,EG011,H07,,bulk,L_UPG-EG22-081_bulk_B
284,e1100016892_NBCLAB9137a_UPG-EG22-084-bulk250_EG011_B6_H08_ForamPools_102191-831,e1100016892_NBCLAB9137a_UPG.EG22.084.bulk250_EG011_B6_H08_ForamPools_102191.831_GTTGTTACCTTAGGTGGTGG_L001,1100016892,NBCLAB9137,A,UPG-EG22-084,bulk250,Indonesia,Lumulumu,Makassar,NCBN001529,EG011,H08,,bulk,L_UPG-EG22-084_bulk_A
285,e1100016893_NBCLAB9139c_UPG-EG22-086-bulk258_EG011_B6_H09_ForamPools_102191-839,e1100016893_NBCLAB9139c_UPG.EG22.086.bulk258_EG011_B6_H09_ForamPools_102191.839_ACGAAGTGCGTAGGTGGTGG_L001,1100016893,NBCLAB9139,C,UPG-EG22-086,bulk258,Indonesia,Lumulumu,Makassar,NCBN001529,EG011,H09,,bulk,L_UPG-EG22-086_bulk_C
286,e1100016894_NBCLAB9142b_UPG-EG22-089-bulk266_EG011_B6_H10_ForamPools_102191-847,e1100016894_NBCLAB9142b_UPG.EG22.089.bulk266_EG011_B6_H10_ForamPools_102191.847_GAATAGCAAGTAGGTGGTGG_L001,1100016894,NBCLAB9142,B,UPG-EG22-089,bulk266,Indonesia,Lumulumu,Makassar,NCBN001529,EG011,H10,,bulk,L_UPG-EG22-089_bulk_B
291,e1100016899_NBCLAB9152b_UPG-EG22-098-bulk296_EG012_B8_A03_ForamPools_102191-1168,e1100016899_NBCLAB9152b_UPG.EG22.098.bulk296_EG012_B8_A03_ForamPools_102191.1168_ATTAAGGTCGAAGATCGGAT_L001,1100016899,NBCLAB9152,B,UPG-EG22-098,bulk296,Indonesia,Padjenekang,Makassar,NCBN001530,EG012,A03,,bulk,P_UPG-EG22-098_bulk_B
292,e1100016900_NBCLAB9155a_UPG-EG22-101-bulk304_EG012_B8_A04_ForamPools_102191-1176,e1100016900_NBCLAB9155a_UPG.EG22.101.bulk304_EG012_B8_A04_ForamPools_102191.1176_GTGGCAACATAAGATCGGAT_L001,1100016900,NBCLAB9155,A,UPG-EG22-101,bulk304,Indonesia,Padjenekang,Makassar,NCBN001530,EG012,A04,,bulk,P_UPG-EG22-101_bulk_A
293,e1100016901_NBCLAB9157c_UPG-EG22-103-bulk312_EG012_B8_A05_ForamPools_102191-1184,e1100016901_NBCLAB9157c_UPG.EG22.103.bulk312_EG012_B8_A05_ForamPools_102191.1184_TGACCTGCTGAAGATCGGAT_L001,1100016901,NBCLAB9157,C,UPG-EG22-103,bulk312,Indonesia,Padjenekang,Makassar,NCBN001530,EG012,A05,,bulk,P_UPG-EG22-103_bulk_C
294,e1100016902_NBCLAB9160b_UPG-EG22-107-bulk320_EG012_B8_A06_ForamPools_102191-1192,e1100016902_NBCLAB9160b_UPG.EG22.107.bulk320_EG012_B8_A06_ForamPools_102191.1192_CGCAGCTAGAAAGATCGGAT_L001,1100016902,NBCLAB9160,B,UPG-EG22-107,bulk320,Indonesia,Padjenekang,Makassar,NCBN001530,EG012,A06,,bulk,P_UPG-EG22-107_bulk_B
299,e1100016911_NBCLAB9152c_UPG-EG22-098-bulk297_EG012_B8_B03_ForamPools_102191-1169,e1100016911_NBCLAB9152c_UPG.EG22.098.bulk297_EG012_B8_B03_ForamPools_102191.1169_ATTAAGGTCGTTAACGTCCG_L001,1100016911,NBCLAB9152,C,UPG-EG22-098,bulk297,Indonesia,Padjenekang,Makassar,NCBN001530,EG012,B03,,bulk,P_UPG-EG22-098_bulk_C
300,e1100016912_NBCLAB9155b_UPG-EG22-101-bulk305_EG012_B8_B04_ForamPools_102191-1177,e1100016912_NBCLAB9155b_UPG.EG22.101.bulk305_EG012_B8_B04_ForamPools_102191.1177_GTGGCAACATTTAACGTCCG_L001,1100016912,NBCLAB9155,B,UPG-EG22-101,bulk305,Indonesia,Padjenekang,Makassar,NCBN001530,EG012,B04,,bulk,P_UPG-EG22-101_bulk_B
301,e1100016913_NBCLAB9158a_UPG-EG22-104-bulk313_EG012_B8_B05_ForamPools_102191-1185,e1100016913_NBCLAB9158a_UPG.EG22.104.bulk313_EG012_B8_B05_ForamPools_102191.1185_TGACCTGCTGTTAACGTCCG_L001,1100016913,NBCLAB9158,A,UPG-EG22-104,bulk313,Indonesia,Padjenekang,Makassar,NCBN001530,EG012,B05,,bulk,P_UPG-EG22-104_bulk_A
302,e1100016914_NBCLAB9160c_UPG-EG22-107-bulk321_EG012_B8_B06_ForamPools_102191-1193,e1100016914_NBCLAB9160c_UPG.EG22.107.bulk321_EG012_B8_B06_ForamPools_102191.1193_CGCAGCTAGATTAACGTCCG_L001,1100016914,NBCLAB9160,C,UPG-EG22-107,bulk321,Indonesia,Padjenekang,Makassar,NCBN001530,EG012,B06,,bulk,P_UPG-EG22-107_bulk_C
307,e1100016923_NBCLAB9153a_UPG-EG22-099-bulk298_EG012_B8_C03_ForamPools_102191-1170,e1100016923_NBCLAB9153a_UPG.EG22.099.bulk298_EG012_B8_C03_ForamPools_102191.1170_ATTAAGGTCGATTACCGATC_L001,1100016923,NBCLAB9153,A,UPG-EG22-099,bulk298,Indonesia,Padjenekang,Makassar,NCBN001530,EG012,C03,,bulk,P_UPG-EG22-099_bulk_A
308,e1100016924_NBCLAB9155c_UPG-EG22-101-bulk306_EG012_B8_C04_ForamPools_102191-1178,e1100016924_NBCLAB9155c_UPG.EG22.101.bulk306_EG012_B8_C04_ForamPools_102191.1178_GTGGCAACATATTACCGATC_L001,1100016924,NBCLAB9155,C,UPG-EG22-101,bulk306,Indonesia,Padjenekang,Makassar,NCBN001530,EG012,C04,,bulk,P_UPG-EG22-101_bulk_C
309,e1100016925_NBCLAB9158b_UPG-EG22-104-bulk314_EG012_B8_C05_ForamPools_102191-1186,e1100016925_NBCLAB9158b_UPG.EG22.104.bulk314_EG012_B8_C05_ForamPools_102191.1186_TGACCTGCTGATTACCGATC_L001,1100016925,NBCLAB9158,B,UPG-EG22-104,bulk314,Indonesia,Padjenekang,Makassar,NCBN001530,EG012,C05,,bulk,P_UPG-EG22-104_bulk_B
310,e1100016926_NBCLAB9161a_UPG-EG22-108-bulk322_EG012_B8_C06_ForamPools_102191-1194,e1100016926_NBCLAB9161a_UPG.EG22.108.bulk322_EG012_B8_C06_ForamPools_102191.1194_CGCAGCTAGAATTACCGATC_L001,1100016926,NBCLAB9161,A,UPG-EG22-108,bulk322,Indonesia,Padjenekang,Makassar,NCBN001530,EG012,C06,,bulk,P_UPG-EG22-108_bulk_A
315,e1100016935_NBCLAB9153b_UPG-EG22-099-bulk299_EG012_B8_D03_ForamPools_102191-1171,e1100016935_NBCLAB9153b_UPG.EG22.099.bulk299_EG012_B8_D03_ForamPools_102191.1171_ATTAAGGTCGGTTGCATCGT_L001,1100016935,NBCLAB9153,B,UPG-EG22-099,bulk299,Indonesia,Padjenekang,Makassar,NCBN001530,EG012,D03,,bulk,P_UPG-EG22-099_bulk_B
316,e1100016936_NBCLAB9156a_UPG-EG22-102-bulk307_EG012_B8_D04_ForamPools_102191-1179,e1100016936_NBCLAB9156a_UPG.EG22.102.bulk307_EG012_B8_D04_ForamPools_102191.1179_GTGGCAACATGTTGCATCGT_L001,1100016936,NBCLAB9156,A,UPG-EG22-102,bulk307,Indonesia,Padjenekang,Makassar,NCBN001530,EG012,D04,,bulk,P_UPG-EG22-102_bulk_A
317,e1100016937_NBCLAB9158c_UPG-EG22-104-bulk315_EG012_B8_D05_ForamPools_102191-1187,e1100016937_NBCLAB9158c_UPG.EG22.104.bulk315_EG012_B8_D05_ForamPools_102191.1187_TGACCTGCTGGTTGCATCGT_L001,1100016937,NBCLAB9158,C,UPG-EG22-104,bulk315,Indonesia,Padjenekang,Makassar,NCBN001530,EG012,D05,,bulk,P_UPG-EG22-104_bulk_C
318,e1100016938_NBCLAB9161b_UPG-EG22-108-bulk323_EG012_B8_D06_ForamPools_102191-1195,e1100016938_NBCLAB9161b_UPG.EG22.108.bulk323_EG012_B8_D06_ForamPools_102191.1195_CGCAGCTAGAGTTGCATCGT_L001,1100016938,NBCLAB9161,B,UPG-EG22-108,bulk323,Indonesia,Padjenekang,Makassar,NCBN001530,EG012,D06,,bulk,P_UPG-EG22-108_bulk_B
323,e1100016947_NBCLAB9153c_UPG-EG22-099-bulk300_EG012_B8_E03_ForamPools_102191-1172,e1100016947_NBCLAB9153c_UPG.EG22.099.bulk300_EG012_B8_E03_ForamPools_102191.1172_ATTAAGGTCGACTGGACGTT_L001,1100016947,NBCLAB9153,C,UPG-EG22-099,bulk300,Indonesia,Padjenekang,Makassar,NCBN001530,EG012,E03,,bulk,P_UPG-EG22-099_bulk_C
324,e1100016948_NBCLAB9156b_UPG-EG22-102-bulk308_EG012_B8_E04_ForamPools_102191-1180,e1100016948_NBCLAB9156b_UPG.EG22.102.bulk308_EG012_B8_E04_ForamPools_102191.1180_GTGGCAACATACTGGACGTT_L001,1100016948,NBCLAB9156,B,UPG-EG22-102,bulk308,Indonesia,Padjenekang,Makassar,NCBN001530,EG012,E04,,bulk,P_UPG-EG22-102_bulk_B
325,e1100016949_NBCLAB9159a_UPG-EG22-106-bulk316_EG012_B8_E05_ForamPools_102191-1188,e1100016949_NBCLAB9159a_UPG.EG22.106.bulk316_EG012_B8_E05_ForamPools_102191.1188_TGACCTGCTGACTGGACGTT_L001,1100016949,NBCLAB9159,A,UPG-EG22-106,bulk316,Indonesia,Padjenekang,Makassar,NCBN001530,EG012,E05,,bulk,P_UPG-EG22-106_bulk_A
326,e1100016950_NBCLAB9161c_UPG-EG22-108-bulk324_EG012_B8_E06_ForamPools_102191-1196,e1100016950_NBCLAB9161c_UPG.EG22.108.bulk324_EG012_B8_E06_ForamPools_102191.1196_CGCAGCTAGAACTGGACGTT_L001,1100016950,NBCLAB9161,C,UPG-EG22-108,bulk324,Indonesia,Padjenekang,Makassar,NCBN001530,EG012,E06,,bulk,P_UPG-EG22-108_bulk_C
331,e1100016959_NBCLAB9154a_UPG-EG22-100-bulk301_EG012_B8_F03_ForamPools_102191-1173,e1100016959_NBCLAB9154a_UPG.EG22.100.bulk301_EG012_B8_F03_ForamPools_102191.1173_ATTAAGGTCGTTGTTCGTGT_L001,1100016959,NBCLAB9154,A,UPG-EG22-100,bulk301,Indonesia,Padjenekang,Makassar,NCBN001530,EG012,F03,,bulk,P_UPG-EG22-100_bulk_A
332,e1100016960_NBCLAB9156c_UPG-EG22-102-bulk309_EG012_B8_F04_ForamPools_102191-1181,e1100016960_NBCLAB9156c_UPG.EG22.102.bulk309_EG012_B8_F04_ForamPools_102191.1181_GTGGCAACATTTGTTCGTGT_L001,1100016960,NBCLAB9156,C,UPG-EG22-102,bulk309,Indonesia,Padjenekang,Makassar,NCBN001530,EG012,F04,,bulk,P_UPG-EG22-102_bulk_C
333,e1100016961_NBCLAB9159b_UPG-EG22-106-bulk317_EG012_B8_F05_ForamPools_102191-1189,e1100016961_NBCLAB9159b_UPG.EG22.106.bulk317_EG012_B8_F05_ForamPools_102191.1189_TGACCTGCTGTTGTTCGTGT_L001,1100016961,NBCLAB9159,B,UPG-EG22-106,bulk317,Indonesia,Padjenekang,Makassar,NCBN001530,EG012,F05,,bulk,P_UPG-EG22-106_bulk_B
334,e1100016962_NBCLAB9162a_UPG-EG22-109-bulk325_EG012_B8_F06_ForamPools_102191-1197,e1100016962_NBCLAB9162a_UPG.EG22.109.bulk325_EG012_B8_F06_ForamPools_102191.1197_CGCAGCTAGATTGTTCGTGT_L001,1100016962,NBCLAB9162,A,UPG-EG22-109,bulk325,Indonesia,Padjenekang,Makassar,NCBN001530,EG012,F06,,bulk,P_UPG-EG22-109_bulk_A
339,e1100016971_NBCLAB9154b_UPG-EG22-100-bulk302_EG012_B8_G03_ForamPools_102191-1174,e1100016971_NBCLAB9154b_UPG.EG22.100.bulk302_EG012_B8_G03_ForamPools_102191.1174_ATTAAGGTCGACGGACTGAG_L001,1100016971,NBCLAB9154,B,UPG-EG22-100,bulk302,Indonesia,Padjenekang,Makassar,NCBN001530,EG012,G03,,bulk,P_UPG-EG22-100_bulk_B
340,e1100016972_NBCLAB9157a_UPG-EG22-103-bulk310_EG012_B8_G04_ForamPools_102191-1182,e1100016972_NBCLAB9157a_UPG.EG22.103.bulk310_EG012_B8_G04_ForamPools_102191.1182_GTGGCAACATACGGACTGAG_L001,1100016972,NBCLAB9157,A,UPG-EG22-103,bulk310,Indonesia,Padjenekang,Makassar,NCBN001530,EG012,G04,,bulk,P_UPG-EG22-103_bulk_A
341,e1100016973_NBCLAB9159c_UPG-EG22-106-bulk318_EG012_B8_G05_ForamPools_102191-1190,e1100016973_NBCLAB9159c_UPG.EG22.106.bulk318_EG012_B8_G05_ForamPools_102191.1190_TGACCTGCTGACGGACTGAG_L001,1100016973,NBCLAB9159,C,UPG-EG22-106,bulk318,Indonesia,Padjenekang,Makassar,NCBN001530,EG012,G05,,bulk,P_UPG-EG22-106_bulk_C
342,e1100016974_NBCLAB9162b_UPG-EG22-109-bulk326_EG012_B8_G06_ForamPools_102191-1198,e1100016974_NBCLAB9162b_UPG.EG22.109.bulk326_EG012_B8_G06_ForamPools_102191.1198_CGCAGCTAGAACGGACTGAG_L001,1100016974,NBCLAB9162,B,UPG-EG22-109,bulk326,Indonesia,Padjenekang,Makassar,NCBN001530,EG012,G06,,bulk,P_UPG-EG22-109_bulk_B
346,e1100016982_NBCLAB9152a_UPG-EG22-098-bulk295_EG012_B8_H02_ForamPools_102191-1167,e1100016982_NBCLAB9152a_UPG.EG22.098.bulk295_EG012_B8_H02_ForamPools_102191.1167_CTCCGCTTATCACCGTCATA_L001,1100016982,NBCLAB9152,A,UPG-EG22-098,bulk295,Indonesia,Padjenekang,Makassar,NCBN001530,EG012,H02,,bulk,P_UPG-EG22-098_bulk_A
347,e1100016983_NBCLAB9154c_UPG-EG22-100-bulk303_EG012_B8_H03_ForamPools_102191-1175,e1100016983_NBCLAB9154c_UPG.EG22.100.bulk303_EG012_B8_H03_ForamPools_102191.1175_ATTAAGGTCGCACCGTCATA_L001,1100016983,NBCLAB9154,C,UPG-EG22-100,bulk303,Indonesia,Padjenekang,Makassar,NCBN001530,EG012,H03,,bulk,P_UPG-EG22-100_bulk_C
348,e1100016984_NBCLAB9157b_UPG-EG22-103-bulk311_EG012_B8_H04_ForamPools_102191-1183,e1100016984_NBCLAB9157b_UPG.EG22.103.bulk311_EG012_B8_H04_ForamPools_102191.1183_GTGGCAACATCACCGTCATA_L001,1100016984,NBCLAB9157,B,UPG-EG22-103,bulk311,Indonesia,Padjenekang,Makassar,NCBN001530,EG012,H04,,bulk,P_UPG-EG22-103_bulk_B
349,e1100016985_NBCLAB9160a_UPG-EG22-107-bulk319_EG012_B8_H05_ForamPools_102191-1191,e1100016985_NBCLAB9160a_UPG.EG22.107.bulk319_EG012_B8_H05_ForamPools_102191.1191_TGACCTGCTGCACCGTCATA_L001,1100016985,NBCLAB9160,A,UPG-EG22-107,bulk319,Indonesia,Padjenekang,Makassar,NCBN001530,EG012,H05,,bulk,P_UPG-EG22-107_bulk_A
350,e1100016986_NBCLAB9162c_UPG-EG22-109-bulk327_EG012_B8_H06_ForamPools_102191-1199,e1100016986_NBCLAB9162c_UPG.EG22.109.bulk327_EG012_B8_H06_ForamPools_102191.1199_CGCAGCTAGACACCGTCATA_L001,1100016986,NBCLAB9162,C,UPG-EG22-109,bulk327,Indonesia,Padjenekang,Makassar,NCBN001530,EG012,H06,,bulk,P_UPG-EG22-109_bulk_C
354,e1100022086_NBCLAB11176-A_UPG-EG22-021_CR004_D2_A01_ForamPools_102191-96,e1100022086_NBCLAB11176.A_UPG.EG22.021_CR004_D2_A01_ForamPools_102191.96_TCGTGTTCGAGTCGTGAATC_L001,1100022086,NBCLAB11176,A,UPG-EG22-021,,Indonesia,Badi,Makassar,NCBN001551,CR004,G10,,picked,B_UPG-EG22-021_picked_A
355,e1100022086_NBCLAB11176-B_UPG-EG22-021_CR004_D2_A06_ForamPools_102191-136,e1100022086_NBCLAB11176.B_UPG.EG22.021_CR004_D2_A06_ForamPools_102191.136_GCTAAGAGAAGTCGTGAATC_L001,1100022086,NBCLAB11176,B,UPG-EG22-021,,Indonesia,Badi,Makassar,NCBN001551,CR004,A06,,picked,B_UPG-EG22-021_picked_B
356,e1100022086_NBCLAB11176-C_UPG-EG22-021_CR004_D2_A11_ForamPools_102191-176,e1100022086_NBCLAB11176.C_UPG.EG22.021_CR004_D2_A11_ForamPools_102191.176_TCTATTCGGTGTCGTGAATC_L001,1100022086,NBCLAB11176,C,UPG-EG22-021,,Indonesia,Badi,Makassar,NCBN001551,CR004,A11,,picked,B_UPG-EG22-021_picked_C
357,e1100022087_NBCLAB11184-A_UPG-EG22-029_CR004_D2_A02_ForamPools_102191-104,e1100022087_NBCLAB11184.A_UPG.EG22.029_CR004_D2_A02_ForamPools_102191.104_TTCAGTTGGAGTCGTGAATC_L001,1100022087,NBCLAB11184,A,UPG-EG22-029,,Indonesia,Badi,Makassar,NCBN001551,CR004,A02,,picked,B_UPG-EG22-029_picked_A
358,e1100022087_NBCLAB11184-B_UPG-EG22-029_CR004_D2_A07_ForamPools_102191-144,e1100022087_NBCLAB11184.B_UPG.EG22.029_CR004_D2_A07_ForamPools_102191.144_AGTGTCGCGAGTCGTGAATC_L001,1100022087,NBCLAB11184,B,UPG-EG22-029,,Indonesia,Badi,Makassar,NCBN001551,CR004,A07,,picked,B_UPG-EG22-029_picked_B
359,e1100022087_NBCLAB11184-C_UPG-EG22-029_CR004_D2_A12_ForamPools_102191-184,e1100022087_NBCLAB11184.C_UPG.EG22.029_CR004_D2_A12_ForamPools_102191.184_GAATCGTCCGGTCGTGAATC_L001,1100022087,NBCLAB11184,C,UPG-EG22-029,,Indonesia,Badi,Makassar,NCBN001551,CR004,A12,,picked,B_UPG-EG22-029_picked_C
360,e1100022088_NBCLAB11192-A_UPG-EG22-084_CR004_D2_A03_ForamPools_102191-112,e1100022088_NBCLAB11192.A_UPG.EG22.084_CR004_D2_A03_ForamPools_102191.112_AATGCGGTTCGTCGTGAATC_L001,1100022088,NBCLAB11192,A,UPG-EG22-084,,Indonesia,Lumulumu,Makassar,NCBN001551,CR004,A03,,picked,L_UPG-EG22-084_picked_A
361,e1100022088_NBCLAB11192-B_UPG-EG22-084_CR004_D2_A08_ForamPools_102191-152,e1100022088_NBCLAB11192.B_UPG.EG22.084_CR004_D2_A08_ForamPools_102191.152_TCGATCTCCAGTCGTGAATC_L001,1100022088,NBCLAB11192,B,UPG-EG22-084,,Indonesia,Lumulumu,Makassar,NCBN001551,CR004,A08,,picked,L_UPG-EG22-084_picked_B
362,e1100022088_NBCLAB11192-C_UPG-EG22-084_CR005_D4_A01_ForamPools_102191-480,e1100022088_NBCLAB11192.C_UPG.EG22.084_CR005_D4_A01_ForamPools_102191.480_TCGTGTTCGAAATATGCCAG_L001,1100022088,NBCLAB11192,C,UPG-EG22-084,,Indonesia,Lumulumu,Makassar,NCBN001551,CR005,A01,,picked,L_UPG-EG22-084_picked_C
363,e1100022089_NBCLAB11200-A_UPG-EG22-098_CR004_D2_A04_ForamPools_102191-120,e1100022089_NBCLAB11200.A_UPG.EG22.098_CR004_D2_A04_ForamPools_102191.120_AGCCTGTTGTGTCGTGAATC_L001,1100022089,NBCLAB11200,A,UPG-EG22-098,,Indonesia,Padjenekang,Makassar,NCBN001551,CR004,A04,,picked,P_UPG-EG22-098_picked_A
364,e1100022089_NBCLAB11200-B_UPG-EG22-098_CR004_D2_A09_ForamPools_102191-160,e1100022089_NBCLAB11200.B_UPG.EG22.098_CR004_D2_A09_ForamPools_102191.160_ATCGGTCTGGGTCGTGAATC_L001,1100022089,NBCLAB11200,B,UPG-EG22-098,,Indonesia,Padjenekang,Makassar,NCBN001551,CR004,A09,,picked,P_UPG-EG22-098_picked_B
365,e1100022089_NBCLAB11200-C_UPG-EG22-098_CR005_D4_A02_ForamPools_102191-488,e1100022089_NBCLAB11200.C_UPG.EG22.098_CR005_D4_A02_ForamPools_102191.488_TTCAGTTGGAAATATGCCAG_L001,1100022089,NBCLAB11200,C,UPG-EG22-098,,Indonesia,Padjenekang,Makassar,NCBN001551,CR005,A02,,picked,P_UPG-EG22-098_picked_C
366,e1100022090_NBCLAB11208-A_UPG-EG22-107_CR004_D2_A05_ForamPools_102191-128,e1100022090_NBCLAB11208.A_UPG.EG22.107_CR004_D2_A05_ForamPools_102191.128_ATGCGCGTAAGTCGTGAATC_L001,1100022090,NBCLAB11208,A,UPG-EG22-107,,Indonesia,Padjenekang,Makassar,NCBN001551,CR004,A05,,picked,P_UPG-EG22-107_picked_A
367,e1100022090_NBCLAB11208-B_UPG-EG22-107_CR004_D2_A10_ForamPools_102191-168,e1100022090_NBCLAB11208.B_UPG.EG22.107_CR004_D2_A10_ForamPools_102191.168_AAGGCTGTGGGTCGTGAATC_L001,1100022090,NBCLAB11208,B,UPG-EG22-107,,Indonesia,Padjenekang,Makassar,NCBN001551,CR004,A10,,picked,P_UPG-EG22-107_picked_B
368,e1100022090_NBCLAB11208-C_UPG-EG22-107_CR005_D4_A03_ForamPools_102191-496,e1100022090_NBCLAB11208.C_UPG.EG22.107_CR005_D4_A03_ForamPools_102191.496_AATGCGGTTCAATATGCCAG_L001,1100022090,NBCLAB11208,C,UPG-EG22-107,,Indonesia,Padjenekang,Makassar,NCBN001551,CR005,A03,,picked,P_UPG-EG22-107_picked_C
369,e1100022098_NBCLAB11177-A_UPG-EG22-022_CR004_D2_B01_ForamPools_102191-97,e1100022098_NBCLAB11177.A_UPG.EG22.022_CR004_D2_B01_ForamPools_102191.97_TCGTGTTCGACTGTTCTACG_L001,1100022098,NBCLAB11177,A,UPG-EG22-022,,Indonesia,Badi,Makassar,NCBN001551,CR004,B01,,picked,B_UPG-EG22-022_picked_A
370,e1100022098_NBCLAB11177-B_UPG-EG22-022_CR004_D2_B06_ForamPools_102191-137,e1100022098_NBCLAB11177.B_UPG.EG22.022_CR004_D2_B06_ForamPools_102191.137_GCTAAGAGAACTGTTCTACG_L001,1100022098,NBCLAB11177,B,UPG-EG22-022,,Indonesia,Badi,Makassar,NCBN001551,CR004,B06,,picked,B_UPG-EG22-022_picked_B
371,e1100022098_NBCLAB11177-C_UPG-EG22-022_CR004_D2_B11_ForamPools_102191-177,e1100022098_NBCLAB11177.C_UPG.EG22.022_CR004_D2_B11_ForamPools_102191.177_TCTATTCGGTCTGTTCTACG_L001,1100022098,NBCLAB11177,C,UPG-EG22-022,,Indonesia,Badi,Makassar,NCBN001551,CR004,B11,,picked,B_UPG-EG22-022_picked_C
372,e1100022099_NBCLAB11185-A_UPG-EG22-030_CR004_D2_B02_ForamPools_102191-105,e1100022099_NBCLAB11185.A_UPG.EG22.030_CR004_D2_B02_ForamPools_102191.105_TTCAGTTGGACTGTTCTACG_L001,1100022099,NBCLAB11185,A,UPG-EG22-030,,Indonesia,Badi,Makassar,NCBN001551,CR004,B02,,picked,B_UPG-EG22-030_picked_A
373,e1100022099_NBCLAB11185-B_UPG-EG22-030_CR004_D2_B07_ForamPools_102191-145,e1100022099_NBCLAB11185.B_UPG.EG22.030_CR004_D2_B07_ForamPools_102191.145_AGTGTCGCGACTGTTCTACG_L001,1100022099,NBCLAB11185,B,UPG-EG22-030,,Indonesia,Badi,Makassar,NCBN001551,CR004,B07,,picked,B_UPG-EG22-030_picked_B
374,e1100022099_NBCLAB11185-C_UPG-EG22-030_CR004_D2_B12_ForamPools_102191-185,e1100022099_NBCLAB11185.C_UPG.EG22.030_CR004_D2_B12_ForamPools_102191.185_GAATCGTCCGCTGTTCTACG_L001,1100022099,NBCLAB11185,C,UPG-EG22-030,,Indonesia,Badi,Makassar,NCBN001551,CR004,B12,,picked,B_UPG-EG22-030_picked_C
375,e1100022100_NBCLAB11193-A_UPG-EG22-085_CR004_D2_B03_ForamPools_102191-113,e1100022100_NBCLAB11193.A_UPG.EG22.085_CR004_D2_B03_ForamPools_102191.113_AATGCGGTTCCTGTTCTACG_L001,1100022100,NBCLAB11193,A,UPG-EG22-085,,Indonesia,Lumulumu,Makassar,NCBN001551,CR004,B03,,picked,L_UPG-EG22-085_picked_A
376,e1100022100_NBCLAB11193-B_UPG-EG22-085_CR004_D2_B08_ForamPools_102191-153,e1100022100_NBCLAB11193.B_UPG.EG22.085_CR004_D2_B08_ForamPools_102191.153_TCGATCTCCACTGTTCTACG_L001,1100022100,NBCLAB11193,B,UPG-EG22-085,,Indonesia,Lumulumu,Makassar,NCBN001551,CR004,B08,,picked,L_UPG-EG22-085_picked_B
377,e1100022100_NBCLAB11193-C_UPG-EG22-085_CR005_D4_B01_ForamPools_102191-481,e1100022100_NBCLAB11193.C_UPG.EG22.085_CR005_D4_B01_ForamPools_102191.481_TCGTGTTCGATAGAGTCACG_L001,1100022100,NBCLAB11193,C,UPG-EG22-085,,Indonesia,Lumulumu,Makassar,NCBN001551,CR005,B01,,picked,L_UPG-EG22-085_picked_C
378,e1100022101_NBCLAB11201-A_UPG-EG22-099_CR004_D2_B04_ForamPools_102191-121,e1100022101_NBCLAB11201.A_UPG.EG22.099_CR004_D2_B04_ForamPools_102191.121_AGCCTGTTGTCTGTTCTACG_L001,1100022101,NBCLAB11201,A,UPG-EG22-099,,Indonesia,Padjenekang,Makassar,NCBN001551,CR004,B04,,picked,P_UPG-EG22-099_picked_A
379,e1100022101_NBCLAB11201-B_UPG-EG22-099_CR004_D2_B09_ForamPools_102191-161,e1100022101_NBCLAB11201.B_UPG.EG22.099_CR004_D2_B09_ForamPools_102191.161_ATCGGTCTGGCTGTTCTACG_L001,1100022101,NBCLAB11201,B,UPG-EG22-099,,Indonesia,Padjenekang,Makassar,NCBN001551,CR004,B09,,picked,P_UPG-EG22-099_picked_B
380,e1100022101_NBCLAB11201-C_UPG-EG22-099_CR005_D4_B02_ForamPools_102191-489,e1100022101_NBCLAB11201.C_UPG.EG22.099_CR005_D4_B02_ForamPools_102191.489_TTCAGTTGGATAGAGTCACG_L001,1100022101,NBCLAB11201,C,UPG-EG22-099,,Indonesia,Padjenekang,Makassar,NCBN001551,CR005,B02,,picked,P_UPG-EG22-099_picked_C
381,e1100022102_NBCLAB11209-A_UPG-EG22-108_CR004_D2_B05_ForamPools_102191-129,e1100022102_NBCLAB11209.A_UPG.EG22.108_CR004_D2_B05_ForamPools_102191.129_ATGCGCGTAACTGTTCTACG_L001,1100022102,NBCLAB11209,A,UPG-EG22-108,,Indonesia,Padjenekang,Makassar,NCBN001551,CR004,B05,,picked,P_UPG-EG22-108_picked_A
382,e1100022102_NBCLAB11209-B_UPG-EG22-108_CR004_D2_B10_ForamPools_102191-169,e1100022102_NBCLAB11209.B_UPG.EG22.108_CR004_D2_B10_ForamPools_102191.169_AAGGCTGTGGCTGTTCTACG_L001,1100022102,NBCLAB11209,B,UPG-EG22-108,,Indonesia,Padjenekang,Makassar,NCBN001551,CR004,B10,,picked,P_UPG-EG22-108_picked_B
383,e1100022102_NBCLAB11209-C_UPG-EG22-108_CR005_D4_B03_ForamPools_102191-497,e1100022102_NBCLAB11209.C_UPG.EG22.108_CR005_D4_B03_ForamPools_102191.497_AATGCGGTTCTAGAGTCACG_L001,1100022102,NBCLAB11209,C,UPG-EG22-108,,Indonesia,Padjenekang,Makassar,NCBN001551,CR005,B03,,picked,P_UPG-EG22-108_picked_C
384,e1100022110_NBCLAB11178-A_UPG-EG22-023_CR004_D2_C01_ForamPools_102191-98,e1100022110_NBCLAB11178.A_UPG.EG22.023_CR004_D2_C01_ForamPools_102191.98_TCGTGTTCGAGCTCTTAGGT_L001,1100022110,NBCLAB11178,A,UPG-EG22-023,,Indonesia,Badi,Makassar,NCBN001551,CR004,C01,,picked,B_UPG-EG22-023_picked_A
385,e1100022110_NBCLAB11178-B_UPG-EG22-023_CR004_D2_C06_ForamPools_102191-138,e1100022110_NBCLAB11178.B_UPG.EG22.023_CR004_D2_C06_ForamPools_102191.138_GCTAAGAGAAGCTCTTAGGT_L001,1100022110,NBCLAB11178,B,UPG-EG22-023,,Indonesia,Badi,Makassar,NCBN001551,CR004,C06,,picked,B_UPG-EG22-023_picked_B
386,e1100022110_NBCLAB11178-C_UPG-EG22-023_CR004_D2_C11_ForamPools_102191-178,e1100022110_NBCLAB11178.C_UPG.EG22.023_CR004_D2_C11_ForamPools_102191.178_TCTATTCGGTGCTCTTAGGT_L001,1100022110,NBCLAB11178,C,UPG-EG22-023,,Indonesia,Badi,Makassar,NCBN001551,CR004,C11,,picked,B_UPG-EG22-023_picked_C
387,e1100022111_NBCLAB11186-A_UPG-EG22-031_CR004_D2_C02_ForamPools_102191-106,e1100022111_NBCLAB11186.A_UPG.EG22.031_CR004_D2_C02_ForamPools_102191.106_TTCAGTTGGAGCTCTTAGGT_L001,1100022111,NBCLAB11186,A,UPG-EG22-031,,Indonesia,Badi,Makassar,NCBN001551,CR004,C02,,picked,B_UPG-EG22-031_picked_A
388,e1100022111_NBCLAB11186-B_UPG-EG22-031_CR004_D2_C07_ForamPools_102191-146,e1100022111_NBCLAB11186.B_UPG.EG22.031_CR004_D2_C07_ForamPools_102191.146_AGTGTCGCGAGCTCTTAGGT_L001,1100022111,NBCLAB11186,B,UPG-EG22-031,,Indonesia,Badi,Makassar,NCBN001551,CR004,C07,,picked,B_UPG-EG22-031_picked_B
389,e1100022111_NBCLAB11186-C_UPG-EG22-031_CR004_D2_C12_ForamPools_102191-186,e1100022111_NBCLAB11186.C_UPG.EG22.031_CR004_D2_C12_ForamPools_102191.186_GAATCGTCCGGCTCTTAGGT_L001,1100022111,NBCLAB11186,C,UPG-EG22-031,,Indonesia,Badi,Makassar,NCBN001551,CR004,C12,,picked,B_UPG-EG22-031_picked_C
390,e1100022112_NBCLAB11194-A_UPG-EG22-086_CR004_D2_C03_ForamPools_102191-114,e1100022112_NBCLAB11194.A_UPG.EG22.086_CR004_D2_C03_ForamPools_102191.114_AATGCGGTTCGCTCTTAGGT_L001,1100022112,NBCLAB11194,A,UPG-EG22-086,,Indonesia,Lumulumu,Makassar,NCBN001551,CR004,C03,,picked,L_UPG-EG22-086_picked_A
391,e1100022112_NBCLAB11194-B_UPG-EG22-086_CR004_D2_C08_ForamPools_102191-154,e1100022112_NBCLAB11194.B_UPG.EG22.086_CR004_D2_C08_ForamPools_102191.154_TCGATCTCCAGCTCTTAGGT_L001,1100022112,NBCLAB11194,B,UPG-EG22-086,,Indonesia,Lumulumu,Makassar,NCBN001551,CR004,C08,,picked,L_UPG-EG22-086_picked_B
392,e1100022112_NBCLAB11194-C_UPG-EG22-086_CR005_D4_C01_ForamPools_102191-482,e1100022112_NBCLAB11194.C_UPG.EG22.086_CR005_D4_C01_ForamPools_102191.482_TCGTGTTCGATTAACAGGTC_L001,1100022112,NBCLAB11194,C,UPG-EG22-086,,Indonesia,Lumulumu,Makassar,NCBN001551,CR005,C01,,picked,L_UPG-EG22-086_picked_C
393,e1100022113_NBCLAB11202-A_UPG-EG22-100_CR004_D2_C04_ForamPools_102191-122,e1100022113_NBCLAB11202.A_UPG.EG22.100_CR004_D2_C04_ForamPools_102191.122_AGCCTGTTGTGCTCTTAGGT_L001,1100022113,NBCLAB11202,A,UPG-EG22-100,,Indonesia,Padjenekang,Makassar,NCBN001551,CR004,C04,,picked,P_UPG-EG22-100_picked_A
394,e1100022113_NBCLAB11202-B_UPG-EG22-100_CR004_D2_C09_ForamPools_102191-162,e1100022113_NBCLAB11202.B_UPG.EG22.100_CR004_D2_C09_ForamPools_102191.162_ATCGGTCTGGGCTCTTAGGT_L001,1100022113,NBCLAB11202,B,UPG-EG22-100,,Indonesia,Padjenekang,Makassar,NCBN001551,CR004,C09,,picked,P_UPG-EG22-100_picked_B
395,e1100022113_NBCLAB11202-C_UPG-EG22-100_CR005_D4_C02_ForamPools_102191-490,e1100022113_NBCLAB11202.C_UPG.EG22.100_CR005_D4_C02_ForamPools_102191.490_TTCAGTTGGATTAACAGGTC_L001,1100022113,NBCLAB11202,C,UPG-EG22-100,,Indonesia,Padjenekang,Makassar,NCBN001551,CR005,C02,,picked,P_UPG-EG22-100_picked_C
396,e1100022114_NBCLAB11210-A_UPG-EG22-109_CR004_D2_C05_ForamPools_102191-130,e1100022114_NBCLAB11210.A_UPG.EG22.109_CR004_D2_C05_ForamPools_102191.130_ATGCGCGTAAGCTCTTAGGT_L001,1100022114,NBCLAB11210,A,UPG-EG22-109,,Indonesia,Padjenekang,Makassar,NCBN001551,CR004,C05,,picked,P_UPG-EG22-109_picked_A
397,e1100022114_NBCLAB11210-B_UPG-EG22-109_CR004_D2_C10_ForamPools_102191-170,e1100022114_NBCLAB11210.B_UPG.EG22.109_CR004_D2_C10_ForamPools_102191.170_AAGGCTGTGGGCTCTTAGGT_L001,1100022114,NBCLAB11210,B,UPG-EG22-109,,Indonesia,Padjenekang,Makassar,NCBN001551,CR004,C10,,picked,P_UPG-EG22-109_picked_B
398,e1100022114_NBCLAB11210-C_UPG-EG22-109_CR005_D4_C03_ForamPools_102191-498,e1100022114_NBCLAB11210.C_UPG.EG22.109_CR005_D4_C03_ForamPools_102191.498_AATGCGGTTCTTAACAGGTC_L001,1100022114,NBCLAB11210,C,UPG-EG22-109,,Indonesia,Padjenekang,Makassar,NCBN001551,CR005,C03,,picked,P_UPG-EG22-109_picked_C
399,e1100022122_NBCLAB11179-A_UPG-EG22-024_CR004_D2_D01_ForamPools_102191-99,e1100022122_NBCLAB11179.A_UPG.EG22.024_CR004_D2_D01_ForamPools_102191.99_TCGTGTTCGATAGAAGCCAT_L001,1100022122,NBCLAB11179,A,UPG-EG22-024,,Indonesia,Badi,Makassar,NCBN001551,CR004,D01,,picked,B_UPG-EG22-024_picked_A
400,e1100022122_NBCLAB11179-B_UPG-EG22-024_CR004_D2_D06_ForamPools_102191-139,e1100022122_NBCLAB11179.B_UPG.EG22.024_CR004_D2_D06_ForamPools_102191.139_GCTAAGAGAATAGAAGCCAT_L001,1100022122,NBCLAB11179,B,UPG-EG22-024,,Indonesia,Badi,Makassar,NCBN001551,CR004,D06,,picked,B_UPG-EG22-024_picked_B
401,e1100022122_NBCLAB11179-C_UPG-EG22-024_CR004_D2_D11_ForamPools_102191-179,e1100022122_NBCLAB11179.C_UPG.EG22.024_CR004_D2_D11_ForamPools_102191.179_TCTATTCGGTTAGAAGCCAT_L001,1100022122,NBCLAB11179,C,UPG-EG22-024,,Indonesia,Badi,Makassar,NCBN001551,CR004,D11,,picked,B_UPG-EG22-024_picked_C
402,e1100022123_NBCLAB11187-A_UPG-EG22-032_CR004_D2_D02_ForamPools_102191-107,e1100022123_NBCLAB11187.A_UPG.EG22.032_CR004_D2_D02_ForamPools_102191.107_TTCAGTTGGATAGAAGCCAT_L001,1100022123,NBCLAB11187,A,UPG-EG22-032,,Indonesia,Badi,Makassar,NCBN001551,CR004,D02,,picked,B_UPG-EG22-032_picked_A
403,e1100022123_NBCLAB11187-B_UPG-EG22-032_CR004_D2_D07_ForamPools_102191-147,e1100022123_NBCLAB11187.B_UPG.EG22.032_CR004_D2_D07_ForamPools_102191.147_AGTGTCGCGATAGAAGCCAT_L001,1100022123,NBCLAB11187,B,UPG-EG22-032,,Indonesia,Badi,Makassar,NCBN001551,CR004,D07,,picked,B_UPG-EG22-032_picked_B
404,e1100022123_NBCLAB11187-C_UPG-EG22-032_CR004_D2_D12_ForamPools_102191-187,e1100022123_NBCLAB11187.C_UPG.EG22.032_CR004_D2_D12_ForamPools_102191.187_GAATCGTCCGTAGAAGCCAT_L001,1100022123,NBCLAB11187,C,UPG-EG22-032,,Indonesia,Badi,Makassar,NCBN001551,CR004,D12,,picked,B_UPG-EG22-032_picked_C
405,e1100022124_NBCLAB11195-A_UPG-EG22-087_CR004_D2_D03_ForamPools_102191-115,e1100022124_NBCLAB11195.A_UPG.EG22.087_CR004_D2_D03_ForamPools_102191.115_AATGCGGTTCTAGAAGCCAT_L001,1100022124,NBCLAB11195,A,UPG-EG22-087,,Indonesia,Lumulumu,Makassar,NCBN001551,CR004,D03,,picked,L_UPG-EG22-087_picked_A
406,e1100022124_NBCLAB11195-B_UPG-EG22-087_CR004_D2_D08_ForamPools_102191-155,e1100022124_NBCLAB11195.B_UPG.EG22.087_CR004_D2_D08_ForamPools_102191.155_TCGATCTCCATAGAAGCCAT_L001,1100022124,NBCLAB11195,B,UPG-EG22-087,,Indonesia,Lumulumu,Makassar,NCBN001551,CR004,D08,,picked,L_UPG-EG22-087_picked_B
407,e1100022124_NBCLAB11195-C_UPG-EG22-087_CR005_D4_D01_ForamPools_102191-483,e1100022124_NBCLAB11195.C_UPG.EG22.087_CR005_D4_D01_ForamPools_102191.483_TCGTGTTCGAACATGAGCCA_L001,1100022124,NBCLAB11195,C,UPG-EG22-087,,Indonesia,Lumulumu,Makassar,NCBN001551,CR005,D01,,picked,L_UPG-EG22-087_picked_C
408,e1100022125_NBCLAB11203-A_UPG-EG22-101_CR004_D2_D04_ForamPools_102191-123,e1100022125_NBCLAB11203.A_UPG.EG22.101_CR004_D2_D04_ForamPools_102191.123_AGCCTGTTGTTAGAAGCCAT_L001,1100022125,NBCLAB11203,A,UPG-EG22-101,,Indonesia,Padjenekang,Makassar,NCBN001551,CR004,D04,,picked,P_UPG-EG22-101_picked_A
409,e1100022125_NBCLAB11203-B_UPG-EG22-101_CR004_D2_D09_ForamPools_102191-163,e1100022125_NBCLAB11203.B_UPG.EG22.101_CR004_D2_D09_ForamPools_102191.163_ATCGGTCTGGTAGAAGCCAT_L001,1100022125,NBCLAB11203,B,UPG-EG22-101,,Indonesia,Padjenekang,Makassar,NCBN001551,CR004,D09,,picked,P_UPG-EG22-101_picked_B
410,e1100022125_NBCLAB11203-C_UPG-EG22-101_CR005_D4_D02_ForamPools_102191-491,e1100022125_NBCLAB11203.C_UPG.EG22.101_CR005_D4_D02_ForamPools_102191.491_TTCAGTTGGAACATGAGCCA_L001,1100022125,NBCLAB11203,C,UPG-EG22-101,,Indonesia,Padjenekang,Makassar,NCBN001551,CR005,D02,,picked,P_UPG-EG22-101_picked_C
411,e1100022134_NBCLAB11180-A_UPG-EG22-025_CR004_D2_E01_ForamPools_102191-100,e1100022134_NBCLAB11180.A_UPG.EG22.025_CR004_D2_E01_ForamPools_102191.100_TCGTGTTCGACACTTAGGTA_L001,1100022134,NBCLAB11180,A,UPG-EG22-025,,Indonesia,Badi,Makassar,NCBN001551,CR004,E01,,picked,B_UPG-EG22-025_picked_A
412,e1100022134_NBCLAB11180-B_UPG-EG22-025_CR004_D2_E06_ForamPools_102191-140,e1100022134_NBCLAB11180.B_UPG.EG22.025_CR004_D2_E06_ForamPools_102191.140_GCTAAGAGAACACTTAGGTA_L001,1100022134,NBCLAB11180,B,UPG-EG22-025,,Indonesia,Badi,Makassar,NCBN001551,CR004,E06,,picked,B_UPG-EG22-025_picked_B
413,e1100022134_NBCLAB11180-C_UPG-EG22-025_CR004_D2_E11_ForamPools_102191-180,e1100022134_NBCLAB11180.C_UPG.EG22.025_CR004_D2_E11_ForamPools_102191.180_TCTATTCGGTCACTTAGGTA_L001,1100022134,NBCLAB11180,C,UPG-EG22-025,,Indonesia,Badi,Makassar,NCBN001551,CR004,E11,,picked,B_UPG-EG22-025_picked_C
414,e1100022135_NBCLAB11188-A_UPG-EG22-033_CR004_D2_E02_ForamPools_102191-108,e1100022135_NBCLAB11188.A_UPG.EG22.033_CR004_D2_E02_ForamPools_102191.108_TTCAGTTGGACACTTAGGTA_L001,1100022135,NBCLAB11188,A,UPG-EG22-033,,Indonesia,Badi,Makassar,NCBN001551,CR004,E02,,picked,B_UPG-EG22-033_picked_A
415,e1100022135_NBCLAB11188-B_UPG-EG22-033_CR004_D2_E07_ForamPools_102191-148,e1100022135_NBCLAB11188.B_UPG.EG22.033_CR004_D2_E07_ForamPools_102191.148_AGTGTCGCGACACTTAGGTA_L001,1100022135,NBCLAB11188,B,UPG-EG22-033,,Indonesia,Badi,Makassar,NCBN001551,CR004,E07,,picked,B_UPG-EG22-033_picked_B
416,e1100022135_NBCLAB11188-C_UPG-EG22-033_CR004_D2_E12_ForamPools_102191-188,e1100022135_NBCLAB11188.C_UPG.EG22.033_CR004_D2_E12_ForamPools_102191.188_GAATCGTCCGCACTTAGGTA_L001,1100022135,NBCLAB11188,C,UPG-EG22-033,,Indonesia,Badi,Makassar,NCBN001551,CR004,E12,,picked,B_UPG-EG22-033_picked_C
417,e1100022136_NBCLAB11196-A_UPG-EG22-088_CR004_D2_E03_ForamPools_102191-116,e1100022136_NBCLAB11196.A_UPG.EG22.088_CR004_D2_E03_ForamPools_102191.116_AATGCGGTTCCACTTAGGTA_L001,1100022136,NBCLAB11196,A,UPG-EG22-088,,Indonesia,Lumulumu,Makassar,NCBN001551,CR004,E03,,picked,L_UPG-EG22-088_picked_A
418,e1100022136_NBCLAB11196-B_UPG-EG22-088_CR004_D2_E08_ForamPools_102191-156,e1100022136_NBCLAB11196.B_UPG.EG22.088_CR004_D2_E08_ForamPools_102191.156_TCGATCTCCACACTTAGGTA_L001,1100022136,NBCLAB11196,B,UPG-EG22-088,,Indonesia,Lumulumu,Makassar,NCBN001551,CR004,E08,,picked,L_UPG-EG22-088_picked_B
419,e1100022136_NBCLAB11196-C_UPG-EG22-088_CR005_D4_E01_ForamPools_102191-484,e1100022136_NBCLAB11196.C_UPG.EG22.088_CR005_D4_E01_ForamPools_102191.484_TCGTGTTCGAGCGAGGTTCT_L001,1100022136,NBCLAB11196,C,UPG-EG22-088,,Indonesia,Lumulumu,Makassar,NCBN001551,CR005,E01,,picked,L_UPG-EG22-088_picked_C
420,e1100022137_NBCLAB11204-A_UPG-EG22-102_CR004_D2_E04_ForamPools_102191-124,e1100022137_NBCLAB11204.A_UPG.EG22.102_CR004_D2_E04_ForamPools_102191.124_AGCCTGTTGTCACTTAGGTA_L001,1100022137,NBCLAB11204,A,UPG-EG22-102,,Indonesia,Padjenekang,Makassar,NCBN001551,CR004,E04,,picked,P_UPG-EG22-102_picked_A
421,e1100022137_NBCLAB11204-B_UPG-EG22-102_CR004_D2_E09_ForamPools_102191-164,e1100022137_NBCLAB11204.B_UPG.EG22.102_CR004_D2_E09_ForamPools_102191.164_ATCGGTCTGGCACTTAGGTA_L001,1100022137,NBCLAB11204,B,UPG-EG22-102,,Indonesia,Padjenekang,Makassar,NCBN001551,CR004,E09,,picked,P_UPG-EG22-102_picked_B
422,e1100022137_NBCLAB11204-C_UPG-EG22-102_CR005_D4_E02_ForamPools_102191-492,e1100022137_NBCLAB11204.C_UPG.EG22.102_CR005_D4_E02_ForamPools_102191.492_TTCAGTTGGAGCGAGGTTCT_L001,1100022137,NBCLAB11204,C,UPG-EG22-102,,Indonesia,Padjenekang,Makassar,NCBN001551,CR005,E02,,picked,P_UPG-EG22-102_picked_C
423,e1100022146_NBCLAB11181-A_UPG-EG22-026_CR004_D2_F01_ForamPools_102191-101,e1100022146_NBCLAB11181.A_UPG.EG22.026_CR004_D2_F01_ForamPools_102191.101_TCGTGTTCGAATAGGTAAGG_L001,1100022146,NBCLAB11181,A,UPG-EG22-026,,Indonesia,Badi,Makassar,NCBN001551,CR004,F01,,picked,B_UPG-EG22-026_picked_A
424,e1100022146_NBCLAB11181-B_UPG-EG22-026_CR004_D2_F06_ForamPools_102191-141,e1100022146_NBCLAB11181.B_UPG.EG22.026_CR004_D2_F06_ForamPools_102191.141_GCTAAGAGAAATAGGTAAGG_L001,1100022146,NBCLAB11181,B,UPG-EG22-026,,Indonesia,Badi,Makassar,NCBN001551,CR004,F06,,picked,B_UPG-EG22-026_picked_B
425,e1100022146_NBCLAB11181-C_UPG-EG22-026_CR004_D2_F11_ForamPools_102191-181,e1100022146_NBCLAB11181.C_UPG.EG22.026_CR004_D2_F11_ForamPools_102191.181_TCTATTCGGTATAGGTAAGG_L001,1100022146,NBCLAB11181,C,UPG-EG22-026,,Indonesia,Badi,Makassar,NCBN001551,CR004,F11,,picked,B_UPG-EG22-026_picked_C
426,e1100022147_NBCLAB11189-A_UPG-EG22-081_CR004_D2_F02_ForamPools_102191-109,e1100022147_NBCLAB11189.A_UPG.EG22.081_CR004_D2_F02_ForamPools_102191.109_TTCAGTTGGAATAGGTAAGG_L001,1100022147,NBCLAB11189,A,UPG-EG22-081,,Indonesia,Lumulumu,Makassar,NCBN001551,CR004,F02,,picked,L_UPG-EG22-081_picked_A
427,e1100022147_NBCLAB11189-B_UPG-EG22-081_CR004_D2_F07_ForamPools_102191-149,e1100022147_NBCLAB11189.B_UPG.EG22.081_CR004_D2_F07_ForamPools_102191.149_AGTGTCGCGAATAGGTAAGG_L001,1100022147,NBCLAB11189,B,UPG-EG22-081,,Indonesia,Lumulumu,Makassar,NCBN001551,CR004,F07,,picked,L_UPG-EG22-081_picked_B
428,e1100022147_NBCLAB11189-C_UPG-EG22-081_CR004_D2_F12_ForamPools_102191-189,e1100022147_NBCLAB11189.C_UPG.EG22.081_CR004_D2_F12_ForamPools_102191.189_GAATCGTCCGATAGGTAAGG_L001,1100022147,NBCLAB11189,C,UPG-EG22-081,,Indonesia,Lumulumu,Makassar,NCBN001551,CR004,F12,,picked,L_UPG-EG22-081_picked_C
429,e1100022148_NBCLAB11197-A_UPG-EG22-089_CR004_D2_F03_ForamPools_102191-117,e1100022148_NBCLAB11197.A_UPG.EG22.089_CR004_D2_F03_ForamPools_102191.117_AATGCGGTTCATAGGTAAGG_L001,1100022148,NBCLAB11197,A,UPG-EG22-089,,Indonesia,Lumulumu,Makassar,NCBN001551,CR004,F03,,picked,L_UPG-EG22-089_picked_A
430,e1100022148_NBCLAB11197-B_UPG-EG22-089_CR004_D2_F08_ForamPools_102191-157,e1100022148_NBCLAB11197.B_UPG.EG22.089_CR004_D2_F08_ForamPools_102191.157_TCGATCTCCAATAGGTAAGG_L001,1100022148,NBCLAB11197,B,UPG-EG22-089,,Indonesia,Lumulumu,Makassar,NCBN001551,CR004,F08,,picked,L_UPG-EG22-089_picked_B
431,e1100022148_NBCLAB11197-C_UPG-EG22-089_CR005_D4_F01_ForamPools_102191-485,e1100022148_NBCLAB11197.C_UPG.EG22.089_CR005_D4_F01_ForamPools_102191.485_TCGTGTTCGATGTCCGTAGG_L001,1100022148,NBCLAB11197,C,UPG-EG22-089,,Indonesia,Lumulumu,Makassar,NCBN001551,CR005,F01,,picked,L_UPG-EG22-089_picked_C
432,e1100022149_NBCLAB11205-A_UPG-EG22-103_CR004_D2_F04_ForamPools_102191-125,e1100022149_NBCLAB11205.A_UPG.EG22.103_CR004_D2_F04_ForamPools_102191.125_AGCCTGTTGTATAGGTAAGG_L001,1100022149,NBCLAB11205,A,UPG-EG22-103,,Indonesia,Padjenekang,Makassar,NCBN001551,CR004,F04,,picked,P_UPG-EG22-103_picked_A
433,e1100022149_NBCLAB11205-B_UPG-EG22-103_CR004_D2_F09_ForamPools_102191-165,e1100022149_NBCLAB11205.B_UPG.EG22.103_CR004_D2_F09_ForamPools_102191.165_ATCGGTCTGGATAGGTAAGG_L001,1100022149,NBCLAB11205,B,UPG-EG22-103,,Indonesia,Padjenekang,Makassar,NCBN001551,CR004,F09,,picked,P_UPG-EG22-103_picked_B
434,e1100022149_NBCLAB11205-C_UPG-EG22-103_CR005_D4_F02_ForamPools_102191-493,e1100022149_NBCLAB11205.C_UPG.EG22.103_CR005_D4_F02_ForamPools_102191.493_TTCAGTTGGATGTCCGTAGG_L001,1100022149,NBCLAB11205,C,UPG-EG22-103,,Indonesia,Padjenekang,Makassar,NCBN001551,CR005,F02,,picked,P_UPG-EG22-103_picked_C
435,e1100022158_NBCLAB11182-A_UPG-EG22-027_CR004_D2_G01_ForamPools_102191-102,e1100022158_NBCLAB11182.A_UPG.EG22.027_CR004_D2_G01_ForamPools_102191.102_TCGTGTTCGACGCCTTATAT_L001,1100022158,NBCLAB11182,A,UPG-EG22-027,,Indonesia,Badi,Makassar,NCBN001551,CR004,G01,,picked,B_UPG-EG22-027_picked_A
436,e1100022158_NBCLAB11182-B_UPG-EG22-027_CR004_D2_G06_ForamPools_102191-142,e1100022158_NBCLAB11182.B_UPG.EG22.027_CR004_D2_G06_ForamPools_102191.142_GCTAAGAGAACGCCTTATAT_L001,1100022158,NBCLAB11182,B,UPG-EG22-027,,Indonesia,Badi,Makassar,NCBN001551,CR004,G06,,picked,B_UPG-EG22-027_picked_B
437,e1100022158_NBCLAB11182-C_UPG-EG22-027_CR004_D2_G11_ForamPools_102191-182,e1100022158_NBCLAB11182.C_UPG.EG22.027_CR004_D2_G11_ForamPools_102191.182_TCTATTCGGTCGCCTTATAT_L001,1100022158,NBCLAB11182,C,UPG-EG22-027,,Indonesia,Badi,Makassar,NCBN001551,CR004,G11,,picked,B_UPG-EG22-027_picked_C
438,e1100022159_NBCLAB11190-A_UPG-EG22-082_CR004_D2_G02_ForamPools_102191-110,e1100022159_NBCLAB11190.A_UPG.EG22.082_CR004_D2_G02_ForamPools_102191.110_TTCAGTTGGACGCCTTATAT_L001,1100022159,NBCLAB11190,A,UPG-EG22-082,,Indonesia,Lumulumu,Makassar,NCBN001551,CR004,G02,,picked,L_UPG-EG22-082_picked_A
439,e1100022159_NBCLAB11190-B_UPG-EG22-082_CR004_D2_G07_ForamPools_102191-150,e1100022159_NBCLAB11190.B_UPG.EG22.082_CR004_D2_G07_ForamPools_102191.150_AGTGTCGCGACGCCTTATAT_L001,1100022159,NBCLAB11190,B,UPG-EG22-082,,Indonesia,Lumulumu,Makassar,NCBN001551,CR004,G07,,picked,L_UPG-EG22-082_picked_B
440,e1100022159_NBCLAB11190-C_UPG-EG22-082_CR004_D2_G12_ForamPools_102191-190,e1100022159_NBCLAB11190.C_UPG.EG22.082_CR004_D2_G12_ForamPools_102191.190_GAATCGTCCGCGCCTTATAT_L001,1100022159,NBCLAB11190,C,UPG-EG22-082,,Indonesia,Lumulumu,Makassar,NCBN001551,CR004,G12,,picked,L_UPG-EG22-082_picked_C
441,e1100022160_NBCLAB11198-A_UPG-EG22-090_CR004_D2_G03_ForamPools_102191-118,e1100022160_NBCLAB11198.A_UPG.EG22.090_CR004_D2_G03_ForamPools_102191.118_AATGCGGTTCCGCCTTATAT_L001,1100022160,NBCLAB11198,A,UPG-EG22-090,,Indonesia,Lumulumu,Makassar,NCBN001551,CR004,G03,,picked,L_UPG-EG22-090_picked_A
442,e1100022160_NBCLAB11198-B_UPG-EG22-090_CR004_D2_G08_ForamPools_102191-158,e1100022160_NBCLAB11198.B_UPG.EG22.090_CR004_D2_G08_ForamPools_102191.158_TCGATCTCCACGCCTTATAT_L001,1100022160,NBCLAB11198,B,UPG-EG22-090,,Indonesia,Lumulumu,Makassar,NCBN001551,CR004,G08,,picked,L_UPG-EG22-090_picked_B
443,e1100022160_NBCLAB11198-C_UPG-EG22-090_CR005_D4_G01_ForamPools_102191-486,e1100022160_NBCLAB11198.C_UPG.EG22.090_CR005_D4_G01_ForamPools_102191.486_TCGTGTTCGACATTATGCCT_L001,1100022160,NBCLAB11198,C,UPG-EG22-090,,Indonesia,Lumulumu,Makassar,NCBN001551,CR005,G01,,picked,L_UPG-EG22-090_picked_C
444,e1100022161_NBCLAB11206-A_UPG-EG22-104_CR004_D2_G04_ForamPools_102191-126,e1100022161_NBCLAB11206.A_UPG.EG22.104_CR004_D2_G04_ForamPools_102191.126_AGCCTGTTGTCGCCTTATAT_L001,1100022161,NBCLAB11206,A,UPG-EG22-104,,Indonesia,Padjenekang,Makassar,NCBN001551,CR004,G04,,picked,P_UPG-EG22-104_picked_A
445,e1100022161_NBCLAB11206-B_UPG-EG22-104_CR004_D2_G09_ForamPools_102191-166,e1100022161_NBCLAB11206.B_UPG.EG22.104_CR004_D2_G09_ForamPools_102191.166_ATCGGTCTGGCGCCTTATAT_L001,1100022161,NBCLAB11206,B,UPG-EG22-104,,Indonesia,Padjenekang,Makassar,NCBN001551,CR004,G09,,picked,P_UPG-EG22-104_picked_B
446,e1100022161_NBCLAB11206-C_UPG-EG22-104_CR005_D4_G02_ForamPools_102191-494,e1100022161_NBCLAB11206.C_UPG.EG22.104_CR005_D4_G02_ForamPools_102191.494_TTCAGTTGGACATTATGCCT_L001,1100022161,NBCLAB11206,C,UPG-EG22-104,,Indonesia,Padjenekang,Makassar,NCBN001551,CR005,G02,,picked,P_UPG-EG22-104_picked_C
447,e1100022170_NBCLAB11183-A_UPG-EG22-028_CR004_D2_H01_ForamPools_102191-103,e1100022170_NBCLAB11183.A_UPG.EG22.028_CR004_D2_H01_ForamPools_102191.103_TCGTGTTCGAGCACGATGCT_L001,1100022170,NBCLAB11183,A,UPG-EG22-028,,Indonesia,Badi,Makassar,NCBN001551,CR004,H01,,picked,B_UPG-EG22-028_picked_A
448,e1100022170_NBCLAB11183-B_UPG-EG22-028_CR004_D2_H06_ForamPools_102191-143,e1100022170_NBCLAB11183.B_UPG.EG22.028_CR004_D2_H06_ForamPools_102191.143_GCTAAGAGAAGCACGATGCT_L001,1100022170,NBCLAB11183,B,UPG-EG22-028,,Indonesia,Badi,Makassar,NCBN001551,CR004,H06,,picked,B_UPG-EG22-028_picked_B
449,e1100022170_NBCLAB11183-C_UPG-EG22-028_CR004_D2_H11_ForamPools_102191-183,e1100022170_NBCLAB11183.C_UPG.EG22.028_CR004_D2_H11_ForamPools_102191.183_TCTATTCGGTGCACGATGCT_L001,1100022170,NBCLAB11183,C,UPG-EG22-028,,Indonesia,Badi,Makassar,NCBN001551,CR004,H11,,picked,B_UPG-EG22-028_picked_C
450,e1100022171_NBCLAB11191-A_UPG-EG22-083_CR004_D2_H02_ForamPools_102191-111,e1100022171_NBCLAB11191.A_UPG.EG22.083_CR004_D2_H02_ForamPools_102191.111_TTCAGTTGGAGCACGATGCT_L001,1100022171,NBCLAB11191,A,UPG-EG22-083,,Indonesia,Lumulumu,Makassar,NCBN001551,CR004,H02,,picked,L_UPG-EG22-083_picked_A
451,e1100022171_NBCLAB11191-B_UPG-EG22-083_CR004_D2_H07_ForamPools_102191-151,e1100022171_NBCLAB11191.B_UPG.EG22.083_CR004_D2_H07_ForamPools_102191.151_AGTGTCGCGAGCACGATGCT_L001,1100022171,NBCLAB11191,B,UPG-EG22-083,,Indonesia,Lumulumu,Makassar,NCBN001551,CR004,H07,,picked,L_UPG-EG22-083_picked_B
452,e1100022171_NBCLAB11191-C_UPG-EG22-083_CR004_D2_H10_ForamPools_102191-175,e1100022171_NBCLAB11191.C_UPG.EG22.083_CR004_D2_H10_ForamPools_102191.175_AAGGCTGTGGGCACGATGCT_L001,1100022171,NBCLAB11191,C,UPG-EG22-083,,Indonesia,Lumulumu,Makassar,NCBN001551,CR004,H10,,picked,L_UPG-EG22-083_picked_C
453,e1100022172_NBCLAB11199-A_UPG-EG22-091_CR004_D2_H03_ForamPools_102191-119,e1100022172_NBCLAB11199.A_UPG.EG22.091_CR004_D2_H03_ForamPools_102191.119_AATGCGGTTCGCACGATGCT_L001,1100022172,NBCLAB11199,A,UPG-EG22-091,,Indonesia,Lumulumu,Makassar,NCBN001551,CR004,H03,,picked,L_UPG-EG22-091_picked_A
454,e1100022172_NBCLAB11199-B_UPG-EG22-091_CR004_D2_H08_ForamPools_102191-159,e1100022172_NBCLAB11199.B_UPG.EG22.091_CR004_D2_H08_ForamPools_102191.159_TCGATCTCCAGCACGATGCT_L001,1100022172,NBCLAB11199,B,UPG-EG22-091,,Indonesia,Lumulumu,Makassar,NCBN001551,CR004,H08,,picked,L_UPG-EG22-091_picked_B
455,e1100022172_NBCLAB11199-C_UPG-EG22-091_CR005_D4_H01_ForamPools_102191-487,e1100022172_NBCLAB11199.C_UPG.EG22.091_CR005_D4_H01_ForamPools_102191.487_TCGTGTTCGATCCACTGTTG_L001,1100022172,NBCLAB11199,C,UPG-EG22-091,,Indonesia,Lumulumu,Makassar,NCBN001551,CR005,H01,,picked,L_UPG-EG22-091_picked_C
456,e1100022173_NBCLAB11207-A_UPG-EG22-106_CR004_D2_H04_ForamPools_102191-127,e1100022173_NBCLAB11207.A_UPG.EG22.106_CR004_D2_H04_ForamPools_102191.127_AGCCTGTTGTGCACGATGCT_L001,1100022173,NBCLAB11207,A,UPG-EG22-106,,Indonesia,Padjenekang,Makassar,NCBN001551,CR004,H04,,picked,P_UPG-EG22-106_picked_A
457,e1100022173_NBCLAB11207-B_UPG-EG22-106_CR004_D2_H09_ForamPools_102191-167,e1100022173_NBCLAB11207.B_UPG.EG22.106_CR004_D2_H09_ForamPools_102191.167_ATCGGTCTGGGCACGATGCT_L001,1100022173,NBCLAB11207,B,UPG-EG22-106,,Indonesia,Padjenekang,Makassar,NCBN001551,CR004,H09,,picked,P_UPG-EG22-106_picked_B
458,e1100022173_NBCLAB11207-C_UPG-EG22-106_CR005_D4_H02_ForamPools_102191-495,e1100022173_NBCLAB11207.C_UPG.EG22.106_CR005_D4_H02_ForamPools_102191.495_TTCAGTTGGATCCACTGTTG_L001,1100022173,NBCLAB11207,C,UPG-EG22-106,,Indonesia,Padjenekang,Makassar,NCBN001551,CR005,H02,,picked,P_UPG-EG22-106_picked_C
